NU_ANO,CO_UF_ESCOLA,SG_UF_ESCOLA,CO_MUNICIPIO_ESCOLA,NO_MUNICIPIO_ESCOLA,CO_ESCOLA,NO_ESCOLA,TP_DEPENDENCIA_ADM_ESCOLA,TP_LOCALIZACAO_ESCOLA,NU_MATRICULAS,NU_PARTICIPANTES_NEC_ESP,NU_PARTICIPANTES,NU_TAXA_PARTICIPACAO,NU_MEDIA_CN,NU_MEDIA_CH,NU_MEDIA_LP,NU_MEDIA_MT,NU_MEDIA_RED,NU_MEDIA_OBJ,NU_MEDIA_TOT,INSE,PC_FORMACAO_DOCENTE,NU_TAXA_PERMANENCIA,NU_TAXA_APROVACAO,NU_TAXA_REPROVACAO,NU_TAXA_ABANDONO,PORTE_ESCOLA
2010,25,PB,2504009,Campina Grande,25070703,CAIC JOSE JOFILLY,2,1,23,,11,26.7,477.99,448.17,469.15,484.16,604.55,,,,,,85.9,2.0,12.1,De 1 a 30 alunos
2014,25,PB,2504009,Campina Grande,25070703,CAIC JOSE JOFILLY,2,1,20,0.0,14,70.0,504.26,439.86,468.44,439.96,444.29,,,,72.0,78.57,75.3,2.6,22.1,De 1 a 30 alunos
2014,25,PB,2504009,Campina Grande,25070932,COLEGIO ALFREDO DANTAS,4,1,236,0.0,219,92.8,599.21,556.6,561.54,539.68,682.65,,,,74.5,70.78,87.6,11.0,1.4,Maior que 90 alunos
2010,25,PB,2504009,Campina Grande,25070932,COLEGIO ALFREDO DANTAS LTDA,4,1,227,,191,84.1,586.14,539.04,566.61,567.76,650.4,,,,,,91.1,8.5,0.4,Maior que 90 alunos
2009,25,PB,2504009,Campina Grande,25070932,COLEGIO ALFREDO DANTAS LTDA,4,1,228,,112,49.1,544.69,551.78,544.12,539.14,635.49,,,,,,92.8,6.4,0.8,Maior que 90 alunos
2012,25,PB,2504009,Campina Grande,25070932,COLEGIO ALFREDO DANTAS LTDA,4,1,257,,252,98.05,570.86,510.99,532.61,578.01,607.86,,,,,,90.7,8.4,0.9,Maior que 90 alunos
2011,25,PB,2504009,Campina Grande,25070932,COLEGIO ALFREDO DANTAS LTDA,4,1,258,,240,93.02,538.31,523.14,577.36,587.61,621.92,,,,,,92.0,7.5,0.5,Maior que 90 alunos
2013,25,PB,2504009,Campina Grande,25070932,COLEGIO ALFREDO DANTAS LTDA,4,1,225,0.0,211,93.78,572.21,522.78,540.88,560.22,656.4,,,,73.4,,91.9,7.4,0.7,Maior que 90 alunos
2011,25,PB,2504009,Campina Grande,25071009,CIE - CENTRO INTERATIVO DE ENSINO LTDA,4,1,23,,19,82.61,522.82,506.8,585.59,558.31,565.26,,,,,,96.9,2.1,1.0,De 1 a 30 alunos
2013,25,PB,2504009,Campina Grande,25071009,CIE - CENTRO INTERATIVO DE ENSINO LTDA,4,1,32,0.0,30,93.75,533.0,491.76,519.51,542.79,610.0,,,,63.5,,94.6,5.4,0.0,De 31 a 60 alunos
2015,25,PB,2504009,Campina Grande,25071009,CIE - CENTRO INTERATIVO DE ENSINO LTDA,4,1,31,0.0,30,96.77,562.08,490.23,510.63,461.74,592.0,,,Grupo 3,58.3,80.0,91.2,3.9,4.9,De 31 a 60 alunos
2010,25,PB,2504009,Campina Grande,25071009,COLEGIO 11 DE OUTUBRO,4,1,19,,16,84.2,553.02,507.59,537.61,551.86,642.19,,,,,,97.1,2.9,0.0,De 1 a 30 alunos
2012,25,PB,2504009,Campina Grande,25071009,CIE - CENTRO INTERATIVO DE ENSINO LTDA,4,1,38,,35,92.11,527.33,475.94,490.36,525.22,530.86,,,,,,93.6,4.6,1.8,De 31 a 60 alunos
2014,25,PB,2504009,Campina Grande,25071009,CIE - CENTRO INTERATIVO DE ENSINO LTDA,4,1,26,0.0,23,88.46,578.59,500.82,544.15,491.33,586.96,,,,62.5,86.96,94.8,4.2,1.0,De 1 a 30 alunos
2011,25,PB,2504009,Campina Grande,25071068,COLEGIO DJANIRA TAVARES,4,1,26,,22,84.62,517.42,510.08,557.52,595.64,625.45,,,,,,82.3,17.7,0.0,De 1 a 30 alunos
2013,25,PB,2504009,Campina Grande,25071068,COLEGIO DJANIRA TAVARES,4,1,32,0.0,31,96.88,573.32,524.21,552.97,559.35,700.0,,,,76.1,,90.8,9.2,0.0,De 31 a 60 alunos
2014,25,PB,2504009,Campina Grande,25071068,COLEGIO DJANIRA TAVARES,4,1,29,0.0,28,96.55,624.53,556.96,562.34,582.68,635.71,,,,83.7,92.86,86.3,13.7,0.0,De 1 a 30 alunos
2010,25,PB,2504009,Campina Grande,25071068,COLEGIO DJANIRA TAVARES,4,1,30,,28,93.3,582.49,518.25,556.15,568.58,622.32,,,,,,74.1,25.9,0.0,De 1 a 30 alunos
2012,25,PB,2504009,Campina Grande,25071068,COLEGIO DJANIRA TAVARES,4,1,35,,33,94.29,566.24,517.74,529.17,573.52,584.24,,,,,,93.5,6.5,0.0,De 31 a 60 alunos
2009,25,PB,2504009,Campina Grande,25071068,COLEGIO DJANIRA TAVARES,4,1,32,,14,43.8,599.01,565.94,608.84,507.48,626.79,,,,,,92.4,7.6,0.0,De 31 a 60 alunos
2015,25,PB,2504009,Campina Grande,25071068,COLEGIO DJANIRA TAVARES,4,1,26,0.0,24,92.31,606.65,549.63,569.39,575.0,690.0,,,Grupo 4,65.2,95.83,97.6,2.4,0.0,De 1 a 30 alunos
2014,25,PB,2504009,Campina Grande,25071106,COLEGIO IMACULADA CONCEICAO,4,1,144,1.0,141,97.92,634.36,597.12,588.44,627.53,729.65,,,,66.8,87.23,94.0,6.0,0.0,Maior que 90 alunos
2011,25,PB,2504009,Campina Grande,25071106,COLEGIO IMACULADA CONCEICAO,4,1,146,,114,78.08,567.72,549.08,598.28,658.32,644.74,,,,,,91.1,8.9,0.0,Maior que 90 alunos
2010,25,PB,2504009,Campina Grande,25071106,COLEGIO IMACULADA CONCEICAO,4,1,181,,170,93.9,621.81,569.02,584.41,644.99,678.97,,,,,,93.6,6.4,0.0,Maior que 90 alunos
2012,25,PB,2504009,Campina Grande,25071106,COLEGIO IMACULADA CONCEICAO,4,1,164,,161,98.17,601.69,556.14,553.28,664.06,652.8,,,,,,87.9,12.1,0.0,Maior que 90 alunos
2015,25,PB,2504009,Campina Grande,25071106,COLEGIO IMACULADA CONCEICAO,4,1,137,0.0,129,94.16,640.28,572.52,580.3,603.89,783.57,,,Grupo 5,60.2,86.05,99.0,1.0,0.0,Maior que 90 alunos
2009,25,PB,2504009,Campina Grande,25071106,COLEGIO IMACULADA CONCEICAO,4,1,165,,105,63.6,621.64,628.27,590.57,612.14,688.1,,,,,,90.0,10.0,0.0,Maior que 90 alunos
2013,25,PB,2504009,Campina Grande,25071106,COLEGIO IMACULADA CONCEICAO,4,1,158,0.0,156,98.73,623.85,564.01,579.11,651.05,704.08,,,,71.1,,89.2,8.8,2.0,Maior que 90 alunos
2010,25,PB,2504009,Campina Grande,25071114,COLEGIO MONTE SIAO LTDA,4,1,15,,16,100.0,570.34,503.36,541.54,523.84,654.69,,,,,,95.4,4.6,0.0,De 1 a 30 alunos
2011,25,PB,2504009,Campina Grande,25071114,COLEGIO MONTE SIAO LTDA,4,1,20,,15,75.0,512.03,497.64,563.79,516.95,605.33,,,,,,97.8,0.0,2.2,De 1 a 30 alunos
2013,25,PB,2504009,Campina Grande,25071440,EDUCANDARIO DANTAS LTDA,4,1,21,0.0,19,90.48,553.22,478.08,529.84,545.68,566.32,,,,72.7,,93.7,6.3,0.0,De 1 a 30 alunos
2012,25,PB,2504009,Campina Grande,25071440,EDUCANDARIO DANTAS LTDA,4,1,14,,13,92.86,555.89,478.85,485.51,545.95,575.38,,,,,,94.6,5.4,0.0,De 1 a 30 alunos
2011,25,PB,2504009,Campina Grande,25071440,EDUC DANTAS LTDA,4,1,35,,28,80.0,495.74,488.93,547.89,524.55,589.29,,,,,,87.9,12.1,0.0,De 31 a 60 alunos
2010,25,PB,2504009,Campina Grande,25071440,EDUC DANTAS LTDA,4,1,30,,25,83.3,562.17,498.65,543.63,530.74,573.0,,,,,,100.0,0.0,0.0,De 1 a 30 alunos
2011,25,PB,2504009,Campina Grande,25071491,COLEGIO ROSA MISTICA,4,1,24,,18,75.0,500.39,492.67,546.07,543.86,584.44,,,,,,95.7,2.9,1.4,De 1 a 30 alunos
2012,25,PB,2504009,Campina Grande,25071491,COLEGIO ROSA MISTICA,4,1,19,,19,100.0,561.41,494.21,507.81,537.98,531.58,,,,,,95.2,4.8,0.0,De 1 a 30 alunos
2013,25,PB,2504009,Campina Grande,25071491,COLEGIO ROSA MISTICA,4,1,16,0.0,16,100.0,565.1,510.2,530.54,545.87,571.25,,,,80.0,,89.8,10.2,0.0,De 1 a 30 alunos
2014,25,PB,2504009,Campina Grande,25071491,COLEGIO ROSA MISTICA,4,1,33,0.0,29,87.88,608.86,536.97,560.83,565.39,632.41,,,,82.2,75.86,100.0,0.0,0.0,De 31 a 60 alunos
2015,25,PB,2504009,Campina Grande,25071491,COLEGIO ROSA MISTICA,4,1,35,0.0,32,91.43,596.91,498.13,531.4,494.81,621.25,,,Grupo 3,86.0,84.38,,,,De 31 a 60 alunos
2011,25,PB,2504009,Campina Grande,25071661,ESC CENECISTA CONEGO PEDRO SERRAO,4,1,33,,27,81.82,471.38,469.81,512.5,485.1,558.52,,,,,,89.8,10.2,0.0,De 31 a 60 alunos
2014,25,PB,2504009,Campina Grande,25071661,ESC CENECISTA CONEGO PEDRO SERRAO,4,1,18,0.0,18,100.0,557.2,490.32,517.36,476.9,597.78,,,,37.8,77.78,81.8,18.2,0.0,De 1 a 30 alunos
2012,25,PB,2504009,Campina Grande,25071661,ESC CENECISTA CONEGO PEDRO SERRAO,4,1,38,,32,84.21,523.72,457.77,485.48,502.34,552.5,,,,,,95.7,3.4,0.9,De 31 a 60 alunos
2010,25,PB,2504009,Campina Grande,25071661,ESC CENECISTA CONEGO PEDRO SERRAO,4,1,32,,24,75.0,512.65,461.44,509.31,467.83,636.9,,,,,,92.2,7.8,0.0,De 31 a 60 alunos
2015,25,PB,2504009,Campina Grande,25071661,ESC CENECISTA CONEGO PEDRO SERRAO,4,1,19,0.0,18,94.74,538.38,482.83,498.89,451.68,563.33,,,Grupo 3,43.2,61.11,93.3,6.7,0.0,De 1 a 30 alunos
2013,25,PB,2504009,Campina Grande,25071661,ESC CENECISTA CONEGO PEDRO SERRAO,4,1,35,0.0,32,91.43,508.69,467.2,465.61,483.38,510.63,,,,32.5,,87.5,12.5,0.0,De 31 a 60 alunos
2010,25,PB,2504009,Campina Grande,25071874,ESCOLA DE ENSINO MEDIO REGINA COELI LTDA,4,1,53,,55,100.0,591.73,535.77,562.02,587.22,668.52,,,,,,90.7,8.3,1.0,De 31 a 60 alunos
2011,25,PB,2504009,Campina Grande,25071874,ESCOLA DE ENSINO MEDIO REGINA COELI LTDA,4,1,53,,44,83.02,537.37,527.94,570.03,596.06,631.82,,,,,,95.4,4.6,0.0,De 31 a 60 alunos
2009,25,PB,2504009,Campina Grande,25071874,ESCOLA DE ENSINO MEDIO REGINA COELI LTDA,4,1,66,,34,51.5,518.2,528.7,531.6,513.15,575.0,,,,,,,,,De 61 a 90 alunos
2012,25,PB,2504009,Campina Grande,25071882,ESCOLA SANTO ONOFRE,4,1,51,,49,96.08,563.52,498.13,525.78,529.23,603.27,,,,,,96.0,3.4,0.6,De 31 a 60 alunos
2009,25,PB,2504009,Campina Grande,25071882,ESCOLA SANTO ONOFRE,4,1,25,,13,52.0,504.77,491.02,499.38,473.68,663.46,,,,,,91.8,6.8,1.4,De 1 a 30 alunos
2010,25,PB,2504009,Campina Grande,25071882,ESCOLA SANTO ONOFRE,4,1,44,,38,86.4,544.3,491.47,544.36,515.06,597.22,,,,,,96.1,3.9,0.0,De 31 a 60 alunos
2013,25,PB,2504009,Campina Grande,25071882,ESCOLA SANTO ONOFRE,4,1,43,0.0,41,95.35,539.21,473.88,512.48,523.02,568.29,,,,40.3,,90.1,9.4,0.5,De 31 a 60 alunos
2014,25,PB,2504009,Campina Grande,25071882,ESCOLA SANTO ONOFRE,4,1,47,0.0,45,95.74,575.95,523.7,548.67,515.48,644.89,,,,55.4,88.89,93.2,4.7,2.1,De 31 a 60 alunos
2015,25,PB,2504009,Campina Grande,25071882,ESCOLA SANTO ONOFRE,4,1,47,0.0,46,97.87,595.87,504.67,530.55,488.87,640.87,,,Grupo 3,67.7,80.43,96.0,4.0,0.0,De 31 a 60 alunos
2011,25,PB,2504009,Campina Grande,25071882,ESCOLA SANTO ONOFRE,4,1,29,,24,82.76,501.28,494.45,558.64,552.64,630.0,,,,,,93.3,6.7,0.0,De 1 a 30 alunos
2013,25,PB,2504009,Campina Grande,25072005,EEEFM ADEMAR VELOSO SILVEIRA,2,1,84,0.0,62,73.81,480.6,445.04,462.95,484.03,468.71,,,,80.6,,69.2,17.1,13.7,De 61 a 90 alunos
2009,25,PB,2504009,Campina Grande,25072005,EEEFM ADEMAR VELOSO SILVEIRA,2,1,105,,21,14.2,473.39,475.53,470.53,440.23,521.43,,,,,,52.8,22.6,24.6,Maior que 90 alunos
2010,25,PB,2504009,Campina Grande,25072005,EEEFM ADEMAR VELOSO SILVEIRA,2,1,114,,53,34.2,485.85,441.21,463.66,441.51,575.5,,,,,,58.7,10.8,30.5,Maior que 90 alunos
2011,25,PB,2504009,Campina Grande,25072005,EEEFM ADEMAR VELOSO SILVEIRA,2,1,97,,52,53.61,422.47,429.73,498.45,472.36,492.69,,,,,,60.2,16.6,23.2,Maior que 90 alunos
2012,25,PB,2504009,Campina Grande,25072005,EEEFM ADEMAR VELOSO SILVEIRA,2,1,77,,73,94.81,477.98,441.54,457.14,452.02,468.49,,,,,,67.0,16.7,16.3,De 61 a 90 alunos
2014,25,PB,2504009,Campina Grande,25072005,EEEFM ADEMAR VELOSO SILVEIRA,2,1,81,0.0,63,77.78,535.13,466.04,510.53,436.54,488.25,,,,69.2,58.73,69.5,16.6,13.9,De 61 a 90 alunos
2015,25,PB,2504009,Campina Grande,25072005,EEEFM ADEMAR VELOSO SILVEIRA,2,1,104,3.0,73,70.19,556.67,456.82,504.07,459.42,557.53,,,Grupo 3,69.1,61.64,63.5,10.7,25.8,Maior que 90 alunos
2012,25,PB,2504009,Campina Grande,25072013,ESCOLA ESTADUAL DE ENS FUND E MED PROF RAUL CORDULA,2,1,174,,163,93.68,500.54,450.11,471.31,460.39,486.99,,,,,,70.2,9.7,20.1,Maior que 90 alunos
2015,25,PB,2504009,Campina Grande,25072013,EEEFM PROF RAUL CORDULA,2,1,141,0.0,121,85.82,561.3,468.27,506.28,458.6,569.92,,,Grupo 3,87.7,63.64,74.8,11.9,13.3,Maior que 90 alunos
2010,25,PB,2504009,Campina Grande,25072013,ESCOLA ESTADUAL DE ENS FUND E MED PROF RAUL CORDULA,2,1,181,,115,45.8,520.88,466.95,502.68,482.54,606.36,,,,,,67.6,14.7,17.7,Maior que 90 alunos
2013,25,PB,2504009,Campina Grande,25072013,ESCOLA ESTADUAL DE ENS FUND E MED PROF RAUL CORDULA,2,1,168,0.0,128,76.19,513.67,459.64,486.53,490.81,558.13,,,,88.8,,66.6,13.4,20.0,Maior que 90 alunos
2014,25,PB,2504009,Campina Grande,25072013,ESCOLA ESTADUAL DE ENS FUND E MED PROF RAUL CORDULA,2,1,195,0.0,141,72.31,547.66,474.23,508.53,456.44,512.91,,,,86.2,65.96,68.5,13.6,17.9,Maior que 90 alunos
2009,25,PB,2504009,Campina Grande,25072013,ESCOLA ESTADUAL DE ENS FUND E MED PROF RAUL CORDULA,2,1,160,,57,22.4,481.91,494.48,504.95,487.38,590.63,,,,,,68.4,11.3,20.3,Maior que 90 alunos
2011,25,PB,2504009,Campina Grande,25072013,ESCOLA ESTADUAL DE ENS FUND E MED PROF RAUL CORDULA,2,1,188,,123,65.43,448.09,436.61,513.14,485.42,540.16,,,,,,69.1,13.3,17.6,Maior que 90 alunos
2009,25,PB,2504009,Campina Grande,25072021,EEEFM SEN ARGEMIRO DE FIGUEIREDO,2,1,107,,24,13.7,486.98,471.27,459.54,467.59,550.0,,,,,,54.1,25.1,20.8,Maior que 90 alunos
2014,25,PB,2504009,Campina Grande,25072021,EEEFM SEN ARGEMIRO DE FIGUEIREDO,2,1,71,2.0,60,84.51,556.58,474.33,518.48,461.41,580.0,,,,76.6,46.67,72.8,8.2,19.0,De 61 a 90 alunos
2010,25,PB,2504009,Campina Grande,25072021,EEEFM SEN ARGEMIRO DE FIGUEIREDO,2,1,78,,44,28.7,511.77,457.2,488.78,462.99,591.07,,,,,,63.9,13.6,22.5,De 61 a 90 alunos
2013,25,PB,2504009,Campina Grande,25072021,EEEFM SEN ARGEMIRO DE FIGUEIREDO,2,1,84,0.0,66,78.57,522.55,473.5,488.76,493.47,521.21,,,,76.5,,52.9,26.6,20.5,De 61 a 90 alunos
2012,25,PB,2504009,Campina Grande,25072021,EEEFM SEN ARGEMIRO DE FIGUEIREDO,2,1,78,,64,82.05,487.06,424.62,465.94,451.58,492.19,,,,,,48.3,28.1,23.6,De 61 a 90 alunos
2015,25,PB,2504009,Campina Grande,25072021,EEEFM SEN ARGEMIRO DE FIGUEIREDO,2,1,101,1.0,83,82.18,545.64,460.98,495.19,448.28,556.14,,,Grupo 3,52.6,48.19,70.6,12.9,16.5,Maior que 90 alunos
2015,25,PB,2504009,Campina Grande,25072030,EEEFM NENZINHA CUNHA LIMA,2,1,59,1.0,36,61.02,538.1,464.52,488.8,437.85,553.75,,,Grupo 2,92.7,75.0,74.9,8.1,17.0,De 31 a 60 alunos
2012,25,PB,2504009,Campina Grande,25072030,EEEFM NENZINHA CUNHA LIMA,2,1,100,,77,77.0,500.25,442.7,472.24,453.04,467.79,,,,,,72.0,13.0,15.0,Maior que 90 alunos
2010,25,PB,2504009,Campina Grande,25072030,EEEFM NENZINHA CUNHA LIMA,2,1,114,,53,30.2,487.66,440.38,470.22,446.7,579.33,,,,,,90.4,5.6,4.0,Maior que 90 alunos
2009,25,PB,2504009,Campina Grande,25072030,EEEFM NENZINHA CUNHA LIMA,2,1,86,,28,20.2,490.86,471.9,476.94,471.71,583.04,,,,,,72.9,12.6,14.5,De 61 a 90 alunos
2013,25,PB,2504009,Campina Grande,25072030,EEEFM NENZINHA CUNHA LIMA,2,1,72,0.0,48,66.67,476.89,429.95,457.95,460.83,475.0,,,,73.3,,69.4,10.7,19.9,De 61 a 90 alunos
2014,25,PB,2504009,Campina Grande,25072030,EEEFM NENZINHA CUNHA LIMA,2,1,76,0.0,44,57.89,518.33,461.86,491.55,444.51,438.18,,,,81.0,65.91,73.9,8.1,18.0,De 61 a 90 alunos
2010,25,PB,2504009,Campina Grande,25072099,ESCOLA ESTADUAL DE ENSINO FUNDAMENTAL E MEDIO ASSIS CHATEAUBRIAND,2,1,94,,20,21.3,477.16,445.62,463.44,447.64,564.71,,,,,,42.4,9.6,48.0,Maior que 90 alunos
2009,25,PB,2504009,Campina Grande,25072099,ESCOLA ESTADUAL DE ENSINO FUNDAMENTAL E MEDIO ASSIS CHATEAUBRIAND,2,1,130,,17,13.1,459.88,453.04,448.58,478.76,557.14,,,,,,49.5,6.4,44.1,Maior que 90 alunos
2015,25,PB,2504009,Campina Grande,25072099,EEEFM ASSIS CHATEAUBRIAND,2,1,73,1.0,51,69.86,552.1,462.68,496.41,435.02,506.67,,,Grupo 2,82.0,68.63,69.1,11.6,19.3,De 61 a 90 alunos
2014,25,PB,2504009,Campina Grande,25072099,E E E F M ASSIS CHATEABRIAND,2,1,77,1.0,45,58.44,499.17,456.24,480.13,419.95,424.44,,,,80.5,40.0,76.3,8.6,15.1,De 61 a 90 alunos
2011,25,PB,2504009,Campina Grande,25072102,EEEFM DEP ALVARO GAUDENCIO DE QUEIROZ,2,1,64,,39,60.94,486.54,456.6,521.53,495.47,533.33,,,,,,65.2,15.4,19.4,De 61 a 90 alunos
2010,25,PB,2504009,Campina Grande,25072102,EEEFM DEP ALVARO GAUDENCIO DE QUEIROZ,2,1,74,,70,68.6,527.45,482.33,514.74,506.45,608.96,,,,,,58.0,23.7,18.3,De 61 a 90 alunos
2009,25,PB,2504009,Campina Grande,25072102,EEEFM DEP ALVARO GAUDENCIO DE QUEIROZ,2,1,90,,50,39.0,478.84,485.12,490.71,473.86,605.0,,,,,,55.2,27.4,17.4,De 61 a 90 alunos
2015,25,PB,2504009,Campina Grande,25072102,EEEFM DEP ALVARO GAUDENCIO DE QUEIROZ,2,1,98,0.0,90,91.84,556.49,474.38,503.54,467.85,565.78,,,Grupo 3,85.2,44.44,67.5,23.4,9.1,Maior que 90 alunos
2012,25,PB,2504009,Campina Grande,25072102,EEEFM DEP ALVARO GAUDENCIO DE QUEIROZ,2,1,118,,110,93.22,510.98,449.98,479.19,472.66,506.73,,,,,,56.8,20.6,22.6,Maior que 90 alunos
2014,25,PB,2504009,Campina Grande,25072102,EEEFM DEP ALVARO GAUDENCIO DE QUEIROZ,2,1,86,1.0,69,80.23,561.03,489.24,516.17,457.52,505.8,,,,74.9,44.93,61.4,23.9,14.7,De 61 a 90 alunos
2013,25,PB,2504009,Campina Grande,25072102,EEEFM DEP ALVARO GAUDENCIO DE QUEIROZ,2,1,104,0.0,82,78.85,507.44,449.45,481.97,489.27,526.83,,,,78.5,,50.7,28.9,20.4,Maior que 90 alunos
2015,25,PB,2504009,Campina Grande,25072110,EEEFM FELIX ARAUJO,2,1,156,0.0,139,89.1,549.64,464.82,487.76,448.7,525.48,,,Grupo 3,87.9,72.66,80.7,9.5,9.8,Maior que 90 alunos
2010,25,PB,2504009,Campina Grande,25072110,EEEFM FELIX ARAUJO,2,1,119,,97,61.4,536.78,472.57,496.64,475.55,587.77,,,,,,73.5,12.5,14.0,Maior que 90 alunos
2013,25,PB,2504009,Campina Grande,25072110,EEEFM FELIX ARAUJO,2,1,113,0.0,89,78.76,500.12,459.35,485.68,495.29,553.93,,,,91.0,,74.6,19.3,6.1,Maior que 90 alunos
2011,25,PB,2504009,Campina Grande,25072110,EEEFM FELIX ARAUJO,2,1,154,,86,55.84,453.7,450.57,518.1,487.7,537.21,,,,,,67.5,17.3,15.2,Maior que 90 alunos
2009,25,PB,2504009,Campina Grande,25072110,EEEFM FELIX ARAUJO,2,1,180,,60,33.3,485.57,483.2,476.69,465.06,521.25,,,,,,52.9,15.5,31.6,Maior que 90 alunos
2014,25,PB,2504009,Campina Grande,25072110,EEEFM FELIX ARAUJO,2,1,128,0.0,109,85.16,538.48,473.86,508.82,458.17,500.37,,,,92.3,78.9,76.6,13.2,10.2,Maior que 90 alunos
2010,25,PB,2504009,Campina Grande,25072129,E E E F M SAO SEBASTIAO,2,1,717,,34,5.3,491.39,447.92,484.47,443.18,560.83,,,,,,68.5,18.0,13.5,Maior que 90 alunos
2009,25,PB,2504009,Campina Grande,25072129,E E E F M SAO SEBASTIAO,2,1,84,,28,20.9,440.36,449.28,448.23,445.5,513.89,,,,,,69.9,16.0,14.1,De 61 a 90 alunos
2012,25,PB,2504009,Campina Grande,25072129,E E E F M SAO SEBASTIAO,2,1,74,,47,63.51,480.48,431.69,449.46,452.87,448.09,,,,,,73.3,7.6,19.1,De 61 a 90 alunos
2015,25,PB,2504009,Campina Grande,25072129,EEEFM SAO SEBASTIAO,2,1,59,0.0,46,77.97,537.45,454.58,501.0,427.32,543.48,,,Grupo 3,96.6,73.91,86.5,3.7,9.8,De 31 a 60 alunos
2014,25,PB,2504009,Campina Grande,25072129,E E E F M SAO SEBASTIAO,2,1,69,0.0,53,76.81,528.04,474.86,500.23,426.67,486.04,,,,85.0,79.25,70.6,11.0,18.4,De 61 a 90 alunos
2013,25,PB,2504009,Campina Grande,25072129,E E E F M SAO SEBASTIAO,2,1,64,0.0,38,59.38,496.02,459.29,478.01,477.91,484.21,,,,85.2,,75.9,4.1,20.0,De 61 a 90 alunos
2010,25,PB,2504009,Campina Grande,25072137,EEEFM PROF ANESIO LEAO,2,1,68,,33,48.5,545.35,483.21,525.82,492.71,593.94,,,,,,61.5,14.9,23.6,De 61 a 90 alunos
2009,25,PB,2504009,Campina Grande,25072137,EEEFM PROF ANESIO LEAO,2,1,124,,24,19.4,472.88,480.88,489.68,448.8,543.75,,,,,,63.6,16.2,20.2,Maior que 90 alunos
2013,25,PB,2504009,Campina Grande,25072137,EEEFM PROF ANESIO LEAO,2,1,94,0.0,50,53.19,501.86,452.09,488.98,483.98,558.0,,,,70.3,,56.8,16.1,27.1,Maior que 90 alunos
2014,25,PB,2504009,Campina Grande,25072137,EEEFM PROF ANESIO LEAO,2,1,69,0.0,42,60.87,529.38,467.97,509.05,452.44,437.62,,,,77.0,71.43,73.5,13.1,13.4,De 61 a 90 alunos
2015,25,PB,2504009,Campina Grande,25072137,EEEFM PROF ANESIO LEAO,2,2,104,0.0,56,53.85,543.29,438.88,487.5,445.67,541.07,,,Grupo 3,40.5,91.07,74.0,9.0,17.0,Maior que 90 alunos
2014,25,PB,2504009,Campina Grande,25072145,EEEFM DOM LUIZ GONZAGA FERNANDES,2,1,43,0.0,37,86.05,521.3,457.92,486.99,436.6,452.43,,,,51.7,54.05,71.7,8.1,20.2,De 31 a 60 alunos
2009,25,PB,2504009,Campina Grande,25072145,EEEFM DOM LUIZ GONZAGA FERNANDES,2,1,58,,11,19.0,513.46,493.68,533.19,472.51,584.09,,,,,,27.7,16.4,55.9,De 31 a 60 alunos
2010,25,PB,2504009,Campina Grande,25072145,EEEFM DOM LUIZ GONZAGA FERNANDES,2,1,63,,23,28.7,480.82,431.39,482.17,458.47,606.52,,,,,,63.1,0.8,36.1,De 61 a 90 alunos
2012,25,PB,2504009,Campina Grande,25072145,EEEFM DOM LUIZ GONZAGA FERNANDES,2,1,45,,40,88.89,479.89,435.59,459.07,441.72,463.5,,,,,,77.5,9.1,13.4,De 31 a 60 alunos
2013,25,PB,2504009,Campina Grande,25072145,EEEFM DOM LUIZ GONZAGA FERNANDES,2,1,67,0.0,48,71.64,499.96,443.32,487.19,463.89,546.25,,,,55.8,,59.9,26.7,13.4,De 61 a 90 alunos
2015,25,PB,2504009,Campina Grande,25072145,EEEFM DOM LUIZ GONZAGA FERNANDES,2,1,39,0.0,33,84.62,539.47,456.64,493.78,449.4,578.79,,,Grupo 3,69.3,81.82,64.7,21.4,13.9,De 31 a 60 alunos
2010,25,PB,2504009,Campina Grande,25072153,ESCOLA ESTADUAL DE ENSINO FUNDAMENTAL E MEDIO SEVERINO CABRAL,2,1,140,,92,65.7,504.24,457.11,489.51,463.82,571.39,,,,,,67.0,15.7,17.3,Maior que 90 alunos
2014,25,PB,2504009,Campina Grande,25072153,ESCOLA ESTADUAL DE ENSINO FUNDAMENTAL E MEDIO SEVERINO CABRAL,2,1,104,0.0,78,75.0,533.46,477.27,503.66,467.22,492.31,,,,78.2,78.21,78.8,6.7,14.5,Maior que 90 alunos
2009,25,PB,2504009,Campina Grande,25072153,EEEFM SEVERINO CABRAL,2,1,175,,67,38.3,469.29,475.4,467.7,465.92,550.0,,,,,,64.4,15.6,20.0,Maior que 90 alunos
2012,25,PB,2504009,Campina Grande,25072153,ESCOLA ESTADUAL DE ENSINO FUNDAMENTAL E MEDIO SEVERINO CABRAL,2,1,158,,114,72.15,512.34,450.78,483.91,469.68,485.61,,,,,,72.7,7.0,20.3,Maior que 90 alunos
2013,25,PB,2504009,Campina Grande,25072153,ESCOLA ESTADUAL DE ENSINO FUNDAMENTAL E MEDIO SEVERINO CABRAL,2,1,132,0.0,94,71.21,507.62,464.85,491.64,488.28,522.55,,,,75.1,,76.8,12.1,11.1,Maior que 90 alunos
2015,25,PB,2504009,Campina Grande,25072153,EEEFM SEVERINO CABRAL,2,1,115,6.0,83,72.17,547.74,457.82,492.41,441.88,546.99,,,Grupo 3,74.4,63.86,79.0,17.0,4.0,Maior que 90 alunos
2011,25,PB,2504009,Campina Grande,25072153,ESCOLA ESTADUAL DE ENSINO FUNDAMENTAL E MEDIO SEVERINO CABRAL,2,1,126,,77,61.11,459.36,449.18,511.03,492.57,516.36,,,,,,76.8,7.3,15.9,Maior que 90 alunos
2013,25,PB,2504009,Campina Grande,25072218,ESC EST ENS FUND E MEDIO CLEMENTINO PROCOPIO,2,1,69,0.0,56,81.16,498.29,456.44,484.09,474.9,552.14,,,,72.2,,69.3,18.4,12.3,De 61 a 90 alunos
2010,25,PB,2504009,Campina Grande,25072218,ESC EST ENS FUND E MEDIO CLEMENTINO PROCOPIO,2,1,63,,22,29.4,532.42,462.51,501.45,458.9,561.9,,,,,,46.5,10.6,42.9,De 61 a 90 alunos
2015,25,PB,2504009,Campina Grande,25072218,EEEFM CLEMENTINO PROCOPIO,2,1,81,0.0,68,83.95,544.37,458.26,488.42,455.2,538.53,,,Grupo 3,80.7,69.12,75.1,14.5,10.4,De 61 a 90 alunos
2014,25,PB,2504009,Campina Grande,25072218,ESC EST ENS FUND E MEDIO CLEMENTINO PROCOPIO,2,1,56,1.0,47,83.93,531.2,471.56,500.5,446.64,514.47,,,,94.4,59.57,64.1,19.7,16.2,De 31 a 60 alunos
2013,25,PB,2504009,Campina Grande,25072277,EEEFM MONTE CARMELO CEPES CGI,2,1,43,0.0,24,55.81,474.96,434.04,453.96,466.16,520.83,,,,71.3,,78.0,12.1,9.9,De 31 a 60 alunos
2010,25,PB,2504009,Campina Grande,25072277,EEEF MONTE CARMELO CEPES CGI,2,1,44,,13,29.5,468.35,445.08,451.33,435.71,538.64,,,,,,59.8,1.0,39.2,De 31 a 60 alunos
2015,25,PB,2504009,Campina Grande,25072277,EEEF MONTE CARMELO CEPES CGI,2,1,34,0.0,18,52.94,510.26,426.91,463.84,424.35,437.78,,,Grupo 3,72.9,72.22,72.8,11.6,15.6,De 31 a 60 alunos
2014,25,PB,2504009,Campina Grande,25072277,EEEFM MONTE CARMELO CEPES CGI,2,1,27,0.0,17,62.96,529.82,446.51,472.05,424.64,451.76,,,,75.8,47.06,63.3,8.2,28.5,De 1 a 30 alunos
2011,25,PB,2504009,Campina Grande,25072307,EEEF SOLON DE LUCENA,2,1,30,,18,60.0,449.22,452.89,492.44,476.26,517.78,,,,,,66.1,17.4,16.5,De 1 a 30 alunos
2010,25,PB,2504009,Campina Grande,25072307,EEEF SOLON DE LUCENA,2,1,22,,13,27.4,529.42,470.39,512.08,477.91,609.62,,,,,,76.0,16.7,7.3,De 1 a 30 alunos
2013,25,PB,2504009,Campina Grande,25072307,EEEFM SOLON DE LUCENA,2,1,35,0.0,24,68.57,506.18,446.95,487.17,466.23,531.67,,,,75.0,,70.2,18.0,11.8,De 31 a 60 alunos
2015,25,PB,2504009,Campina Grande,25072307,EEEF SOLON DE LUCENA,2,1,67,1.0,61,91.04,566.04,470.11,507.71,451.86,579.34,,,Grupo 3,81.5,68.85,80.0,9.6,10.4,De 61 a 90 alunos
2014,25,PB,2504009,Campina Grande,25072307,EEEFM SOLON DE LUCENA,2,1,57,0.0,46,80.7,538.48,461.7,505.36,440.79,493.04,,,,78.4,56.52,72.9,20.2,6.9,De 31 a 60 alunos
2010,25,PB,2504009,Campina Grande,25072404,EEEF RUBENS DUTRA II,2,2,9,,12,100.0,521.99,483.1,441.93,438.27,558.33,,,,,,71.3,16.3,12.4,De 1 a 30 alunos
2011,25,PB,2504009,Campina Grande,25072404,EEEF RUBENS DUTRA II,2,2,18,,12,66.67,467.99,425.34,495.51,479.43,461.67,,,,,,77.8,12.2,10.0,De 1 a 30 alunos
2015,25,PB,2504009,Campina Grande,25072404,EEEFM RUBENS DUTRA II,2,2,15,0.0,10,66.67,574.37,476.01,491.31,479.25,556.0,,,Grupo 2,66.0,90.0,82.1,5.1,12.8,De 1 a 30 alunos
2009,25,PB,2504009,Campina Grande,25072404,EEEF RUBENS DUTRA II,2,2,32,,11,34.4,449.57,443.67,447.36,454.3,559.09,,,,,,71.4,19.5,9.1,De 31 a 60 alunos
2014,25,PB,2504009,Campina Grande,25072404,EEEFM RUBENS DUTRA II,2,2,16,0.0,13,81.25,507.02,435.59,483.29,453.0,440.0,,,,53.8,92.31,52.6,26.3,21.1,De 1 a 30 alunos
2012,25,PB,2504009,Campina Grande,25072404,EEEFM RUBENS DUTRA II,2,2,26,,15,57.69,449.02,419.51,434.25,450.83,396.0,,,,,,82.7,7.4,9.9,De 1 a 30 alunos
2013,25,PB,2504009,Campina Grande,25072404,EEEFM RUBENS DUTRA II,2,2,20,0.0,11,55.0,465.45,434.94,450.63,424.1,463.64,,,,60.0,,77.2,11.4,11.4,De 1 a 30 alunos
2009,25,PB,2504009,Campina Grande,25072412,EEEM ESC VIRGINIUS DA G E MELO,2,1,60,,29,48.3,492.51,478.31,498.53,459.21,631.9,,,,,,61.9,14.2,23.9,De 31 a 60 alunos
2011,25,PB,2504009,Campina Grande,25072412,EEEFM ESCRITOR VIRGINIUS DA GAMA E MELO,2,1,59,,33,55.93,450.64,436.22,512.26,483.77,537.58,,,,,,41.0,29.3,29.7,De 31 a 60 alunos
2012,25,PB,2504009,Campina Grande,25072412,EEEFM ESCRITOR VIRGINIUS DA GAMA E MELO,2,1,53,,35,66.04,514.03,443.38,479.63,467.39,501.14,,,,,,46.1,24.1,29.8,De 31 a 60 alunos
2015,25,PB,2504009,Campina Grande,25072412,EEEFM ESCRITOR VIRGINIUS DA GAMA E MELO,2,1,73,0.0,57,78.08,564.44,476.58,501.57,470.05,596.84,,,Grupo 3,73.6,66.67,73.5,10.9,15.6,De 61 a 90 alunos
2010,25,PB,2504009,Campina Grande,25072412,EEEFM ESCRITOR VIRGINIUS DA GAMA E MELO,2,1,66,,33,50.0,502.79,458.18,499.23,452.37,587.88,,,,,,66.5,11.4,22.1,De 61 a 90 alunos
2013,25,PB,2504009,Campina Grande,25072412,EEEFM ESCRITOR VIRGINIUS DA GAMA E MELO,2,1,50,0.0,34,68.0,513.32,468.66,479.53,507.02,510.59,,,,77.9,,51.7,21.5,26.8,De 31 a 60 alunos
2014,25,PB,2504009,Campina Grande,25072412,EEEFM ESCRITOR VIRGINIUS DA GAMA E MELO,2,1,57,0.0,41,71.93,555.45,479.84,515.12,478.02,524.88,,,,77.9,46.34,63.0,21.5,15.5,De 31 a 60 alunos
2009,25,PB,2504009,Campina Grande,25072420,EEEM DR ELPIDIO DE ALMEIDA,2,1,632,,300,47.5,495.24,495.74,496.51,473.26,576.69,,,,,,61.3,15.4,23.3,Maior que 90 alunos
2013,25,PB,2504009,Campina Grande,25072420,EEEM DR ELPIDIO DE ALMEIDA,2,1,345,0.0,271,78.55,507.98,456.91,483.65,500.92,521.11,,,,84.7,,62.1,13.7,24.2,Maior que 90 alunos
2015,25,PB,2504009,Campina Grande,25072420,EEEM DR ELPIDIO DE ALMEIDA,2,1,256,0.0,218,85.16,557.7,468.96,506.2,454.15,563.21,,,Grupo 2,89.0,61.93,73.0,5.7,21.3,Maior que 90 alunos
2011,25,PB,2504009,Campina Grande,25072420,EEEM DR ELPIDIO DE ALMEIDA,2,1,560,,356,63.57,473.48,458.29,523.94,502.96,555.11,,,,,,63.2,14.9,21.9,Maior que 90 alunos
2012,25,PB,2504009,Campina Grande,25072420,EEEM DR ELPIDIO DE ALMEIDA,2,1,416,,284,68.27,507.51,458.11,479.18,477.74,512.61,,,,,,53.8,16.0,30.2,Maior que 90 alunos
2010,25,PB,2504009,Campina Grande,25072420,EEEM DR ELPIDIO DE ALMEIDA,2,1,612,,409,66.8,530.69,479.7,512.1,490.36,594.65,,,,,,56.9,14.4,28.7,Maior que 90 alunos
2014,25,PB,2504009,Campina Grande,25072420,EEEM DR ELPIDIO DE ALMEIDA,2,1,344,1.0,282,81.98,556.86,483.45,516.15,464.16,527.45,,,,82.5,64.89,62.5,13.9,23.6,Maior que 90 alunos
2015,25,PB,2504009,Campina Grande,25072439,EEEFM DR HORTENSIO DE SOUSA RIBEIRO,2,1,141,0.0,135,95.74,553.59,462.33,500.59,450.23,582.96,,,Grupo 2,72.3,72.59,80.2,17.1,2.7,Maior que 90 alunos
2012,25,PB,2504009,Campina Grande,25072439,EEEFM DR HORTENSIO DE SOUSA RIBEIRO,2,1,266,,215,80.83,515.62,458.5,485.23,476.58,527.53,,,,,,82.2,11.8,6.0,Maior que 90 alunos
2010,25,PB,2504009,Campina Grande,25072439,EEEFM DR HORTENSIO DE SOUSA RIBEIRO,2,1,252,,193,76.6,529.93,476.31,515.01,489.25,629.45,,,,,,82.0,9.7,8.3,Maior que 90 alunos
2009,25,PB,2504009,Campina Grande,25072439,EEEFM DR HORTENSIO DE SOUSA RIBEIRO,2,1,194,,105,54.1,495.42,504.36,507.06,494.14,611.67,,,,,,70.5,16.9,12.6,Maior que 90 alunos
2013,25,PB,2504009,Campina Grande,25072439,EEEFM DR HORTENSIO DE SOUSA RIBEIRO,2,1,189,0.0,165,87.3,499.82,461.84,488.5,486.76,568.48,,,,74.6,,89.2,8.8,2.0,Maior que 90 alunos
2014,25,PB,2504009,Campina Grande,25072439,EEEFM DR HORTENSIO DE SOUSA RIBEIRO,2,1,164,0.0,146,89.02,551.43,496.53,517.12,467.79,550.27,,,,72.0,82.88,88.7,5.3,6.0,Maior que 90 alunos
2011,25,PB,2504009,Campina Grande,25072439,EEEFM DR HORTENSIO DE SOUSA RIBEIRO,2,1,245,,161,65.71,472.07,452.05,531.2,493.18,591.06,,,,,,83.4,9.5,7.1,Maior que 90 alunos
2012,25,PB,2504009,Campina Grande,25072609,COLEGIO AUTENTICO LTDA,4,1,39,,37,94.87,556.88,493.65,525.36,566.94,616.22,,,,,,89.4,10.6,0.0,De 31 a 60 alunos
2013,25,PB,2504009,Campina Grande,25072609,COLEGIO AUTENTICO LTDA,4,1,35,0.0,34,97.14,531.48,498.54,498.72,542.57,602.94,,,,60.9,,92.9,7.1,0.0,De 31 a 60 alunos
2014,25,PB,2504009,Campina Grande,25072609,COLEGIO AUTENTICO LTDA,4,1,78,0.0,71,91.03,592.29,526.82,545.61,538.87,649.58,,,,62.6,60.56,90.0,10.0,0.0,De 61 a 90 alunos
2015,25,PB,2504009,Campina Grande,25072609,COLEGIO AUTENTICO LTDA,4,1,63,0.0,61,96.83,598.73,525.2,544.64,544.88,716.07,,,Grupo 5,53.8,62.3,90.0,8.6,1.4,De 61 a 90 alunos
2015,25,PB,2504009,Campina Grande,25072692,ENE PE EMIDIO VIANA CORREIA,2,1,53,0.0,30,56.6,544.41,441.23,489.91,423.36,507.33,,,Grupo 1,65.5,83.33,62.2,9.4,28.4,De 31 a 60 alunos
2009,25,PB,2504009,Campina Grande,25072692,ESC NORMAL EST PE EMIDIO VIANA CORREIA,2,1,278,,18,6.5,426.97,432.38,464.67,441.81,563.89,,,,,,78.5,5.8,15.7,Maior que 90 alunos
2010,25,PB,2504009,Campina Grande,25072692,ESC NORMAL EST PE EMIDIO VIANA CORREIA,2,1,229,,21,9.2,511.39,436.88,478.99,433.34,642.86,,,,,,56.7,4.3,39.0,Maior que 90 alunos
2014,25,PB,2504009,Campina Grande,25073214,ESC VIRGEM DE LOURDES,4,1,79,0.0,72,91.14,651.96,604.91,609.98,653.29,768.33,,,,71.5,91.67,95.3,2.7,2.0,De 61 a 90 alunos
2009,25,PB,2504009,Campina Grande,25073214,ESC VIRGEM DE LOURDES,4,1,83,,46,55.4,597.52,600.42,595.35,590.6,629.35,,,,,,95.4,4.6,0.0,De 61 a 90 alunos
2010,25,PB,2504009,Campina Grande,25073214,ESC VIRGEM DE LOURDES,4,1,95,,93,97.9,644.42,576.88,601.73,670.06,694.62,,,,,,94.0,4.7,1.3,Maior que 90 alunos
2013,25,PB,2504009,Campina Grande,25073214,ESC VIRGEM DE LOURDES,4,1,122,0.0,117,95.9,631.73,583.04,582.99,670.52,663.8,,,,77.7,,93.1,6.5,0.4,Maior que 90 alunos
2012,25,PB,2504009,Campina Grande,25073214,ESC VIRGEM DE LOURDES,4,1,93,,90,96.77,648.1,600.4,589.26,712.47,676.67,,,,,,96.6,2.8,0.6,Maior que 90 alunos
2011,25,PB,2504009,Campina Grande,25073214,ESC VIRGEM DE LOURDES,4,1,81,,80,98.77,581.62,574.21,603.03,678.88,687.5,,,,,,94.6,4.1,1.3,De 61 a 90 alunos
2015,25,PB,2504009,Campina Grande,25073214,ESC VIRGEM DE LOURDES,4,1,89,0.0,85,95.51,656.99,597.58,606.0,654.12,791.76,,,Grupo 5,73.0,92.94,93.4,4.0,2.6,De 61 a 90 alunos
2009,25,PB,2504009,Campina Grande,25075101,INST CACILDIVA LTDA,4,1,33,,12,36.4,521.2,511.92,546.77,502.92,595.83,,,,,,95.7,4.3,0.0,De 31 a 60 alunos
2011,25,PB,2504009,Campina Grande,25075101,COLEGIO CACILDIVA LTDA,4,1,23,,18,78.26,512.06,502.84,560.93,561.0,570.0,,,,,,100.0,0.0,0.0,De 1 a 30 alunos
2010,25,PB,2504009,Campina Grande,25075101,COLEGIO CACILDIVA LTDA,4,1,43,,39,90.7,584.91,533.85,555.04,584.53,676.28,,,,,,95.2,4.8,0.0,De 31 a 60 alunos
2013,25,PB,2504009,Campina Grande,25075551,INST SANTO ANTONIO,4,1,16,0.0,16,100.0,535.51,473.86,523.19,531.45,563.75,,,,32.4,,84.2,15.8,0.0,De 1 a 30 alunos
2014,25,PB,2504009,Campina Grande,25075551,INST SANTO ANTONIO,4,1,14,0.0,10,71.43,541.1,489.93,483.42,452.63,552.0,,,,24.3,70.0,89.3,7.1,3.6,De 1 a 30 alunos
2015,25,PB,2504009,Campina Grande,25075551,INST SANTO ANTONIO,4,1,19,0.0,19,100.0,564.33,487.61,510.89,472.48,558.95,,,Grupo 2,24.3,68.42,78.1,14.1,7.8,De 1 a 30 alunos
2009,25,PB,2504009,Campina Grande,25076400,EEEFM PROF ANTONIO OLIVEIRA,2,1,79,,27,22.6,503.75,506.59,493.42,460.03,606.48,,,,,,58.9,24.8,16.3,De 61 a 90 alunos
2010,25,PB,2504009,Campina Grande,25076400,EEEFM PROF ANTONIO OLIVEIRA,2,1,80,,41,38.9,506.41,457.21,490.15,439.36,584.87,,,,,,60.1,20.9,19.0,De 61 a 90 alunos
2012,25,PB,2504009,Campina Grande,25076400,EEEFM PROF ANTONIO OLIVEIRA,2,1,66,,61,92.42,479.73,425.45,449.87,426.23,460.33,,,,,,67.0,13.9,19.1,De 61 a 90 alunos
2011,25,PB,2504009,Campina Grande,25076400,EEEFM PROF ANTONIO OLIVEIRA,2,1,64,,36,56.25,455.2,438.98,502.73,480.26,497.22,,,,,,64.3,19.6,16.1,De 61 a 90 alunos
2013,25,PB,2504009,Campina Grande,25076400,EEEFM PROF ANTONIO OLIVEIRA,2,1,47,0.0,39,82.98,483.0,446.32,467.6,474.08,501.03,,,,67.4,,61.1,22.6,16.3,De 31 a 60 alunos
2015,25,PB,2504009,Campina Grande,25076400,EEEFM PROF ANTONIO OLIVEIRA,2,1,55,1.0,37,67.27,538.21,445.27,494.06,415.18,522.7,,,Grupo 3,79.9,81.08,71.5,13.3,15.2,De 31 a 60 alunos
2014,25,PB,2504009,Campina Grande,25076400,EEEFM PROF ANTONIO OLIVEIRA,2,1,68,0.0,52,76.47,539.23,461.17,509.28,446.16,501.15,,,,72.6,82.69,68.9,13.6,17.5,De 61 a 90 alunos
2010,25,PB,2504009,Campina Grande,25076582,EEEFM IRMA JOAQUINA SAMPAIO,2,1,46,,11,23.9,506.73,444.02,442.88,450.7,513.64,,,,,,69.6,8.9,21.5,De 31 a 60 alunos
2014,25,PB,2504009,Campina Grande,25076590,EEEFM JOSE MIGUEL LEAO,2,1,108,0.0,64,59.26,524.51,462.66,490.63,426.98,485.94,,,,83.7,89.06,65.6,16.3,18.1,Maior que 90 alunos
2010,25,PB,2504009,Campina Grande,25076590,EEEFM JOSE MIGUEL LEAO,2,1,122,,42,25.1,516.2,453.45,493.16,446.79,569.51,,,,,,56.9,21.9,21.2,Maior que 90 alunos
2009,25,PB,2504009,Campina Grande,25076590,EEEFM JOSE MIGUEL LEAO,2,1,117,,12,7.0,475.67,510.24,518.6,477.72,493.75,,,,,,49.8,32.3,17.9,Maior que 90 alunos
2014,25,PB,2504009,Campina Grande,25107909,ESPACO EDUCACIONAL CARMELA VELOSO LTDA,4,1,37,0.0,36,97.3,551.57,494.79,531.33,498.11,538.33,,,,36.8,63.89,88.2,11.8,0.0,De 31 a 60 alunos
2009,25,PB,2504009,Campina Grande,25107909,ESPACO EDUCACIONAL CARMELA VELOSO,4,1,49,,25,51.0,490.41,502.66,484.37,494.6,511.46,,,,,,76.4,22.0,1.6,De 31 a 60 alunos
2013,25,PB,2504009,Campina Grande,25107909,ESPACO EDUCACIONAL CARMELA VELOSO,4,1,13,0.0,12,92.31,540.87,474.61,512.08,543.43,570.0,,,,36.0,,95.2,4.8,0.0,De 1 a 30 alunos
2015,25,PB,2504009,Campina Grande,25107909,ESPACO EDUCACIONAL CARMELA VELOSO LTDA,4,1,25,0.0,25,100.0,567.3,475.86,520.37,469.58,588.8,,,Grupo 3,33.3,68.0,76.3,22.0,1.7,De 1 a 30 alunos
2010,25,PB,2504009,Campina Grande,25107909,ESPACO EDUCACIONAL CARMELA VELOSO,4,1,21,,16,76.2,504.66,504.89,513.59,496.13,631.25,,,,,,91.2,8.8,0.0,De 1 a 30 alunos
2011,25,PB,2504009,Campina Grande,25107909,ESPACO EDUCACIONAL CARMELA VELOSO,4,1,37,,28,75.68,510.38,506.5,554.52,563.35,547.14,,,,,,72.5,27.5,0.0,De 31 a 60 alunos
2010,25,PB,2504009,Campina Grande,25114433,EEEF SENADOR HUMBERTO LUCENA,2,1,48,,19,35.2,506.37,465.39,486.19,458.31,618.42,,,,,,73.8,4.8,21.4,De 31 a 60 alunos
2015,25,PB,2504009,Campina Grande,25114808,EEEFM PROF ITAN PEREIRA,2,1,31,0.0,18,58.06,524.11,441.42,487.63,437.47,546.67,,,Grupo 3,75.0,66.67,68.3,30.4,1.3,De 31 a 60 alunos
2010,25,PB,2504009,Campina Grande,25117963,CENTRO CAMPINENSE DE EDUCACAO LTDA COLEGIO MOTIVA,4,1,286,,181,63.3,646.41,612.49,606.94,685.37,682.08,,,,,,97.1,2.3,0.6,Maior que 90 alunos
2011,25,PB,2504009,Campina Grande,25117963,CENTRO CAMPINENSE DE EDUCACAO LTDA COLEGIO MOTIVA,4,1,263,,222,84.41,581.91,603.85,612.64,703.27,680.83,,,,,,90.8,6.7,2.5,Maior que 90 alunos
2009,25,PB,2504009,Campina Grande,25117963,CENTRO CAMPINENSE DE EDUCACAO LTDA COLEGIO MOTIVA,4,1,283,,115,40.6,619.68,640.47,609.31,613.53,689.57,,,,,,91.9,6.4,1.7,Maior que 90 alunos
2012,25,PB,2504009,Campina Grande,25117963,CENTRO CAMPINENSE DE EDUCACAO LTDA COLEGIO MOTIVA,4,1,161,,158,98.14,658.83,634.8,614.39,740.78,717.59,,,,,,97.8,1.0,1.2,Maior que 90 alunos
2013,25,PB,2504009,Campina Grande,25117963,CENTRO CAMPINENSE DE EDUCACAO LTDA COLEGIO MOTIVA,4,1,162,0.0,157,96.91,644.38,603.87,593.74,693.49,726.24,,,,77.0,,93.1,5.2,1.7,Maior que 90 alunos
2014,25,PB,2504009,Campina Grande,25117963,CENTRO CAMPINENSE DE EDUCACAO LTDA COLEGIO MOTIVA,4,1,159,0.0,147,92.45,653.49,625.79,599.08,692.77,755.51,,,,86.5,29.25,95.7,3.8,0.5,Maior que 90 alunos
2015,25,PB,2504009,Campina Grande,25117963,CENTRO CAMPINENSE DE EDUCACAO LTDA COLEGIO MOTIVA,4,1,130,0.0,129,99.23,672.22,626.54,592.75,711.9,803.57,,,Grupo 6,80.0,56.59,90.7,5.5,3.8,Maior que 90 alunos
2015,25,PB,2504009,Campina Grande,25118307,CENTRO CAMPINENSE DE EDUC LTDA-COLEGIO MOTIVA,4,1,91,0.0,85,93.41,660.02,601.13,577.96,663.13,739.76,,,Grupo 6,82.0,83.53,89.0,8.7,2.3,Maior que 90 alunos
2013,25,PB,2504009,Campina Grande,25118307,CENTRO CAMPINENSE DE EDUC LTDA-COLEGIO MOTIVA,4,1,100,0.0,96,96.0,609.58,563.25,567.06,641.9,695.42,,,,80.0,,93.9,4.3,1.8,Maior que 90 alunos
2012,25,PB,2504009,Campina Grande,25118307,CENTRO CAMPINENSE DE EDUC LTDA-COLEGIO MOTIVA,4,1,106,,86,81.13,627.59,586.37,570.59,686.56,666.98,,,,,,94.8,2.9,2.3,Maior que 90 alunos
2014,25,PB,2504009,Campina Grande,25118307,CENTRO CAMPINENSE DE EDUC LTDA-COLEGIO MOTIVA,4,1,96,0.0,86,89.58,628.56,593.92,583.78,625.45,687.44,,,,88.5,36.05,90.2,9.5,0.3,Maior que 90 alunos
2011,25,PB,2504009,Campina Grande,25118390,NDI NUCLEO DE DESENV INTELECTUAL DE ENSINO FUNDAMENTAL LTDA,4,1,45,,37,82.22,498.46,492.74,538.12,550.05,576.76,,,,,,92.6,7.4,0.0,De 31 a 60 alunos
2010,25,PB,2504009,Campina Grande,25118390,NDI NUCLEO DE DESENV INTELECTUAL DE ENSINO FUNDAMENTAL LTDA,4,1,54,,51,94.4,558.99,527.53,536.35,532.0,675.0,,,,,,88.2,11.8,0.0,De 31 a 60 alunos
2009,25,PB,2504009,Campina Grande,25118390,NDI NUCLEO DE DISCIPLINAS ISOLADAS - COLEGIO E CURSO LTDA,4,1,53,,25,47.2,544.58,537.1,503.52,524.2,634.38,,,,,,,,,De 31 a 60 alunos
2010,25,PB,2504009,Campina Grande,25120670,EEEFM MAJOR VENEZIANO VITAL DO REGO,2,1,67,,24,23.5,508.42,450.25,499.7,474.18,578.13,,,,,,70.9,7.7,21.4,De 61 a 90 alunos
2009,25,PB,2504009,Campina Grande,25120670,EEEFM MAJOR VENEZIANO VITAL DO REGO,2,1,67,,10,9.3,488.07,490.55,506.41,490.35,490.0,,,,,,73.9,9.6,16.5,De 61 a 90 alunos
2015,25,PB,2504009,Campina Grande,25120670,EEEFM MAJOR VENEZIANO VITAL DO REGO,2,1,82,0.0,50,60.98,536.27,454.07,483.46,430.69,509.6,,,Grupo 3,76.9,66.0,73.9,7.8,18.3,De 61 a 90 alunos
2014,25,PB,2504009,Campina Grande,25120670,EEEFM MAJOR VENEZIANO VITAL DO REGO,2,1,72,0.0,42,58.33,505.4,455.69,480.61,429.02,398.57,,,,65.1,88.1,53.8,15.7,30.5,De 61 a 90 alunos
2014,25,PB,2504009,Campina Grande,25123998,ESCOLA WALNYZA BORBOREMA CUNHA,2,2,17,0.0,11,64.71,532.15,459.35,501.58,416.16,610.91,,,,44.7,63.64,90.3,8.1,1.6,De 1 a 30 alunos
2015,25,PB,2504009,Campina Grande,25123998,ESCOLA WALNYZA BORBOREMA CUNHA,2,2,21,0.0,14,66.67,526.88,433.18,459.64,427.05,532.86,,,Grupo 3,61.5,71.43,84.5,11.9,3.6,De 1 a 30 alunos
2013,25,PB,2504009,Campina Grande,25123998,ESCOLA WALNYZA BORBOREMA CUNHA,2,2,18,0.0,11,61.11,441.15,423.84,458.48,432.19,549.09,,,,65.8,,100.0,0.0,0.0,De 1 a 30 alunos
2013,25,PB,2504009,Campina Grande,25125672,COLEGIO ALICE COUTINHO LTDA,4,1,41,0.0,40,97.56,546.69,486.81,519.59,542.15,577.0,,,,72.7,,89.3,10.7,0.0,De 31 a 60 alunos
2014,25,PB,2504009,Campina Grande,25125672,COLEGIO ALICE COUTINHO LTDA,4,1,60,0.0,53,88.33,572.06,512.07,542.0,504.36,543.02,,,,72.4,13.21,93.4,6.6,0.0,De 31 a 60 alunos
2015,25,PB,2504009,Campina Grande,25125672,COLEGIO ALICE COUTINHO LTDA,4,1,65,0.0,64,98.46,590.66,489.08,536.16,502.95,599.69,,,Grupo 3,66.7,15.63,89.7,9.4,0.9,De 61 a 90 alunos
2013,25,PB,2504009,Campina Grande,25126040,NDI COLEGIO E CURSO LTDA ME,4,1,49,0.0,45,91.84,562.68,509.19,524.08,528.35,599.56,,,,57.8,,89.9,10.1,0.0,De 31 a 60 alunos
2014,25,PB,2504009,Campina Grande,25126040,NDI COLEGIO E CURSO LTDA ME,4,1,41,0.0,39,95.12,591.52,536.58,542.36,526.38,596.92,,,,54.7,74.36,83.5,16.5,0.0,De 31 a 60 alunos
2015,25,PB,2504009,Campina Grande,25126040,NDI COLEGIO E CURSO LTDA ME,4,1,35,0.0,33,94.29,598.52,517.46,545.62,520.38,663.03,,,Grupo 3,77.6,72.73,91.5,7.7,0.8,De 31 a 60 alunos
2015,25,PB,2504009,Campina Grande,25127519,AECAD - ASSOCIACAO DE EDUCACAO E CULTURA ALFREDO DANTAS,4,1,211,0.0,208,98.58,606.93,533.31,555.33,529.88,730.87,,,Grupo 4,65.6,0.0,96.3,2.5,1.2,Maior que 90 alunos
2009,25,PB,2504009,Campina Grande,25130404,TEENSITE COLEGIO E CURSOS LTDA,4,1,31,,10,32.3,489.11,490.33,442.21,521.52,587.5,,,,,,64.7,33.8,1.5,De 31 a 60 alunos
2010,25,PB,2504009,Campina Grande,25130404,TEENSITE COLEGIO E CURSOS LTDA,4,1,30,,21,70.0,504.88,474.77,547.62,514.97,610.53,,,,,,85.9,14.1,0.0,De 1 a 30 alunos
2011,25,PB,2504009,Campina Grande,25130404,TEENSITE COLEGIO E CURSOS LTDA,4,1,23,,17,73.91,480.98,487.95,529.12,556.04,562.35,,,,,,79.2,18.8,2.0,De 1 a 30 alunos
2012,25,PB,2504009,Campina Grande,25130404,TEENSITE COLEGIO E CURSOS LTDA,4,1,18,,13,72.22,554.99,480.84,508.72,549.35,567.69,,,,,,64.4,35.6,0.0,De 1 a 30 alunos
2013,25,PB,2504009,Campina Grande,25130404,TEENSITE COLEGIO E CURSOS LTDA,4,1,36,0.0,31,86.11,527.17,486.82,503.85,529.65,525.81,,,,45.2,,65.1,23.3,11.6,De 31 a 60 alunos
2014,25,PB,2504009,Campina Grande,25130404,TEENSITE COLEGIO E CURSOS LTDA,4,1,24,0.0,20,83.33,538.41,480.49,523.91,474.63,563.0,,,,20.0,25.0,92.7,3.6,3.7,De 1 a 30 alunos
2010,25,PB,2504009,Campina Grande,25137409,INSTITUTO FEDERAL DE EDUCACAO CIENCIA E TECNOLOGIA DA PARAIBA - IFPB CAMPUS CAMPINA GRANDE,1,1,173,,63,32.5,591.82,527.92,560.89,583.71,622.13,,,,,,77.1,21.1,1.8,Maior que 90 alunos
2011,25,PB,2504009,Campina Grande,25137409,INSTITUTO FEDERAL DE EDUCACAO CIENCIA E TECNOLOGIA DA PARAIBA - IFPB CAMPUS CAMPINA GRANDE,1,1,158,,89,56.33,537.42,525.69,577.65,605.55,605.62,,,,,,72.7,16.8,10.5,Maior que 90 alunos
2013,25,PB,2504009,Campina Grande,25137409,INSTITUTO FEDERAL DA PARAIBA - CAMPUS CAMPINA GRANDE,1,1,275,1.0,239,86.91,593.82,536.48,560.21,607.37,639.5,,,,70.8,,97.2,0.9,1.9,Maior que 90 alunos
2014,25,PB,2504009,Campina Grande,25137409,INSTITUTO FEDERAL DA PARAIBA - CAMPUS CAMPINA GRANDE,1,1,141,0.0,119,84.4,620.4,540.57,573.05,568.3,656.97,,,,75.6,95.8,,,,Maior que 90 alunos
2015,25,PB,2504009,Campina Grande,25137409,IFPB - CAMPUS CAMPINA GRANDE,1,1,149,6.0,143,95.97,618.34,526.95,552.33,537.85,658.76,,,Grupo 3,77.1,87.41,87.7,8.6,3.7,Maior que 90 alunos
2014,25,PB,2504009,Campina Grande,25151401,EEEFM ANTONIO GUEDES DE ANDRADE,2,2,34,0.0,17,50.0,544.92,442.29,501.39,435.2,549.41,,,,47.2,94.12,63.9,10.3,25.8,De 31 a 60 alunos
2015,25,PB,2504009,Campina Grande,25151401,EEEFM ANTONIO GUEDES DE ANDRADE,2,2,14,0.0,11,78.57,552.39,459.13,499.15,441.22,530.91,,,Grupo 2,90.4,72.73,75.0,18.1,6.9,De 1 a 30 alunos
2010,25,PB,2504009,Campina Grande,25152815,EEEFM ISABEL RODRIGUES DE MELO,2,2,50,,12,24.0,507.82,448.4,484.07,407.97,545.0,,,,,,58.5,12.3,29.2,De 31 a 60 alunos
2013,25,PB,2504009,Campina Grande,25152815,EEEFM ISABEL RODRIGUES DE MELO,2,2,45,0.0,24,53.33,480.54,432.71,458.0,464.88,500.83,,,,84.6,,71.5,15.0,13.5,De 31 a 60 alunos
2015,25,PB,2504009,Campina Grande,25152815,EEEFM ISABEL RODRIGUES DE MELO,2,2,69,0.0,36,52.17,542.69,443.82,485.42,434.91,532.78,,,Grupo 1,67.9,88.89,83.2,5.6,11.2,De 61 a 90 alunos
2010,25,PB,2504009,Campina Grande,25206800,PANORAMA JOVEM,4,1,150,,68,45.3,593.32,539.01,567.29,552.41,654.17,,,,,,96.4,2.3,1.3,Maior que 90 alunos
2011,25,PB,2504009,Campina Grande,25206800,PANORAMA JOVEM,4,1,149,,131,87.92,522.65,502.66,569.37,578.01,632.06,,,,,,90.6,9.0,0.4,Maior que 90 alunos
2012,25,PB,2504009,Campina Grande,25206800,PANORAMA JOVEM,4,1,152,,146,96.05,565.1,510.06,530.95,564.43,625.07,,,,,,86.6,13.4,0.0,Maior que 90 alunos
2013,25,PB,2504009,Campina Grande,25206800,PANORAMA JOVEM,4,1,121,0.0,116,95.87,570.78,509.61,544.23,560.62,625.0,,,,54.8,,93.2,6.1,0.7,Maior que 90 alunos
2014,25,PB,2504009,Campina Grande,25206800,PANORAMA JOVEM,4,1,139,0.0,137,98.56,598.25,552.64,556.15,547.37,617.96,,,,54.8,81.75,92.1,7.9,0.0,Maior que 90 alunos
2010,25,PB,2504009,Campina Grande,25213806,COLEGIO E CURSO PETRONIO FIGUEIREDO LTDA,4,1,33,,29,87.9,616.78,545.6,580.27,589.19,694.64,,,,,,87.4,12.6,0.0,De 31 a 60 alunos
2011,25,PB,2504009,Campina Grande,25213806,COLEGIO E CURSO PETRONIO FIGUEIREDO LTDA,4,1,38,,31,81.58,533.57,515.95,559.39,586.87,668.39,,,,,,83.1,16.1,0.8,De 31 a 60 alunos
2012,25,PB,2504009,Campina Grande,25213806,COLEGIO E CURSO PETRONIO FIGUEIREDO LTDA,4,1,53,,53,100.0,570.73,513.61,524.33,590.49,640.75,,,,,,90.1,8.8,1.1,De 31 a 60 alunos
2013,25,PB,2504009,Campina Grande,25213806,COLEGIO E CURSO PETRONIO FIGUEIREDO LTDA,4,1,59,0.0,57,96.61,584.52,539.5,545.61,609.43,670.18,,,,63.3,,88.1,10.7,1.2,De 31 a 60 alunos
2014,25,PB,2504009,Campina Grande,25213806,COLEGIO E CURSO PETRONIO FIGUEIREDO LTDA,4,1,57,0.0,55,96.49,586.24,547.99,548.4,554.09,622.18,,,,65.1,60.0,88.8,10.8,0.4,De 31 a 60 alunos
2015,25,PB,2504009,Campina Grande,25213806,COLEGIO E CURSO PETRONIO FIGUEIREDO LTDA,4,1,84,0.0,82,97.62,600.79,538.76,540.26,561.09,697.8,,,Grupo 4,71.9,80.49,90.4,9.6,0.0,De 61 a 90 alunos
