CO_ESCOLA,NO_ESCOLA,NU_ANO,NU_NOTA
25070789,EMEF CEAI DR ELPIDIO DE ALMEIDA,2005,2.6
25070789,EMEF CEAI DR ELPIDIO DE ALMEIDA,2007,2.8
25070789,EMEF CEAI DR ELPIDIO DE ALMEIDA,2009,3.7
25070789,EMEF CEAI DR ELPIDIO DE ALMEIDA,2011,4
25070789,EMEF CEAI DR ELPIDIO DE ALMEIDA,2013,4
25070789,EMEF CEAI DR ELPIDIO DE ALMEIDA,2015,5
25070789,EMEF CEAI DR ELPIDIO DE ALMEIDA,2017,4.5
25071394,EEEFM MONSENHOR SALES,2005,2.8
25071394,EEEFM MONSENHOR SALES,2007,3.1
25071394,EEEFM MONSENHOR SALES,2009,3.4
25072021,EEEFM SEN ARGEMIRO DE FIGUEIREDO,2005,3.1
25072021,EEEFM SEN ARGEMIRO DE FIGUEIREDO,2007,4
25072021,EEEFM SEN ARGEMIRO DE FIGUEIREDO,2009,4
25072021,EEEFM SEN ARGEMIRO DE FIGUEIREDO,2011,2.3
25072056,EEEFM POETA CARLOS DRUMOND DE ANDRADE,2005,3.4
25072056,EEEFM POETA CARLOS DRUMOND DE ANDRADE,2007,4.4
25072056,EEEFM POETA CARLOS DRUMOND DE ANDRADE,2009,3.1
25072056,EEEFM POETA CARLOS DRUMOND DE ANDRADE,2011,4.1
25072056,EEEFM POETA CARLOS DRUMOND DE ANDRADE,2013,4.4
25072056,EEEFM POETA CARLOS DRUMOND DE ANDRADE,2015,4.9
25072080,EEEF NINA ALVES DE LIMA,2005,2.9
25072080,EEEF NINA ALVES DE LIMA,2007,2.3
25072080,EEEF NINA ALVES DE LIMA,2009,2.9
25072145,EEEFM DOM LUIZ GONZAGA FERNANDES,2007,3.6
25072145,EEEFM DOM LUIZ GONZAGA FERNANDES,2011,3.8
25072161,EEEF NOSSA SENHORA DO ROSARIO,2005,4.5
25072161,EEEF NOSSA SENHORA DO ROSARIO,2007,4.2
25072161,EEEF NOSSA SENHORA DO ROSARIO,2009,4.8
25072161,EEEF NOSSA SENHORA DO ROSARIO,2011,4.7
25072161,EEEF NOSSA SENHORA DO ROSARIO,2013,5.1
25072170,EMEF ADV OTAVIO AMORIM,2005,3.1
25072170,EMEF ADV OTAVIO AMORIM,2007,3.7
25072170,EMEF ADV OTAVIO AMORIM,2009,4
25072170,EMEF ADV OTAVIO AMORIM,2011,3.9
25072170,EMEF ADV OTAVIO AMORIM,2013,5.1
25072170,EMEF ADV OTAVIO AMORIM,2015,4.1
25072170,EMEF ADV OTAVIO AMORIM,2017,5.6
25072196,EEEF ANTONIO VICENTE,2005,2.6
25072196,EEEF ANTONIO VICENTE,2007,3
25072196,EEEF ANTONIO VICENTE,2009,4.4
25072196,EEEF ANTONIO VICENTE,2011,4.4
25072196,EEEF ANTONIO VICENTE,2013,4.7
25072196,EEEF ANTONIO VICENTE,2015,4.9
25072196,EEEF ANTONIO VICENTE,2017,5.3
25072200,EEEF AUGUSTO DOS ANJOS,2005,2.9
25072200,EEEF AUGUSTO DOS ANJOS,2007,3.7
25072200,EEEF AUGUSTO DOS ANJOS,2009,4
25072200,EEEF AUGUSTO DOS ANJOS,2011,4
25072200,EEEF AUGUSTO DOS ANJOS,2013,5.2
25072200,EEEF AUGUSTO DOS ANJOS,2017,4.9
25072218,EEEFM CLEMENTINO PROCOPIO,2005,3.5
25072218,EEEFM CLEMENTINO PROCOPIO,2007,2.6
25072218,EEEFM CLEMENTINO PROCOPIO,2009,3.4
25072226,EEEF DE APLICACAO,2005,3.8
25072226,EEEF DE APLICACAO,2007,4.3
25072226,EEEF DE APLICACAO,2009,4.5
25072226,EEEF DE APLICACAO,2011,4.9
25072226,EEEF DE APLICACAO,2013,4.5
25072226,EEEF DE APLICACAO,2015,4.6
25072277,EEEF MONTE CARMELO CEPES CGI,2005,2.5
25072277,EEEF MONTE CARMELO CEPES CGI,2007,4.4
25072277,EEEF MONTE CARMELO CEPES CGI,2009,3.8
25072277,EEEF MONTE CARMELO CEPES CGI,2011,4.4
25072277,EEEF MONTE CARMELO CEPES CGI,2013,4.1
25072277,EEEF MONTE CARMELO CEPES CGI,2015,3.3
25072285,EEEF MURILO BRAGA,2005,3.4
25072285,EEEF MURILO BRAGA,2007,1.8
25072285,EEEF MURILO BRAGA,2009,3.3
25072285,EEEF MURILO BRAGA,2011,3.5
25072285,EEEF MURILO BRAGA,2013,3.9
25072285,EEEF MURILO BRAGA,2015,3.2
25072285,EEEF MURILO BRAGA,2017,4
25072293,EEEF NOSSA SENHORA APARECIDA,2005,2.3
25072293,EEEF NOSSA SENHORA APARECIDA,2007,2.4
25072293,EEEF NOSSA SENHORA APARECIDA,2009,3.1
25072293,EEEF NOSSA SENHORA APARECIDA,2011,3.2
25072293,EEEF NOSSA SENHORA APARECIDA,2013,2.9
25072293,EEEF NOSSA SENHORA APARECIDA,2015,2.6
25072307,EEEF SOLON DE LUCENA,2005,2.8
25072307,EEEF SOLON DE LUCENA,2007,3.3
25072307,EEEF SOLON DE LUCENA,2009,4.2
25072307,EEEF SOLON DE LUCENA,2011,4.5
25072315,EEEF SANTO ANTONIO,2007,5.4
25072315,EEEF SANTO ANTONIO,2009,5.4
25072315,EEEF SANTO ANTONIO,2011,5.6
25072315,EEEF SANTO ANTONIO,2013,6
25072315,EEEF SANTO ANTONIO,2015,6.3
25072340,EEEF ALCEU DO AMOROSO LIMA,2005,3.9
25072340,EEEF ALCEU DO AMOROSO LIMA,2007,4.9
25072340,EEEF ALCEU DO AMOROSO LIMA,2009,5
25072340,EEEF ALCEU DO AMOROSO LIMA,2011,5.4
25072340,EEEF ALCEU DO AMOROSO LIMA,2013,4.9
25072340,EEEF ALCEU DO AMOROSO LIMA,2015,5.1
25072340,EEEF ALCEU DO AMOROSO LIMA,2017,4.6
25072366,EEEF FAZENDA VELHA,2009,3.7
25072374,EEEF MA EMILIA O DE ALMEIDA,2005,2.7
25072374,EEEF MA EMILIA O DE ALMEIDA,2007,1.8
25072552,EMEF DR CHATEAUBRIAND,2005,2.9
25072552,EMEF DR CHATEAUBRIAND,2007,2.6
25072552,EMEF DR CHATEAUBRIAND,2009,3.2
25072552,EMEF DR CHATEAUBRIAND,2013,2.6
25072552,EMEF DR CHATEAUBRIAND,2015,3.4
25072552,EMEF DR CHATEAUBRIAND,2017,3.9
25072820,EMEF ROTARY DR FRANCISCO BRASILEIRO,2005,2.9
25072820,EMEF ROTARY DR FRANCISCO BRASILEIRO,2007,3.1
25072820,EMEF ROTARY DR FRANCISCO BRASILEIRO,2009,2.7
25072820,EMEF ROTARY DR FRANCISCO BRASILEIRO,2011,3.5
25072820,EMEF ROTARY DR FRANCISCO BRASILEIRO,2013,3.5
25072820,EMEF ROTARY DR FRANCISCO BRASILEIRO,2015,3.7
25072820,EMEF ROTARY DR FRANCISCO BRASILEIRO,2017,3.9
25072889,ESCOLA SANTO ANTONIO 1,2005,4.5
25072889,ESCOLA SANTO ANTONIO 1,2007,5.3
25072889,ESCOLA SANTO ANTONIO 1,2009,5.6
25072889,ESCOLA SANTO ANTONIO 1,2011,6.1
25072889,ESCOLA SANTO ANTONIO 1,2013,5.9
25072889,ESCOLA SANTO ANTONIO 1,2015,6
25072889,ESCOLA SANTO ANTONIO 1,2017,6.2
25073567,EMEF AGEU GENUINO DA SILVA,2005,2.2
25073567,EMEF AGEU GENUINO DA SILVA,2011,4
25073567,EMEF AGEU GENUINO DA SILVA,2013,5.5
25073567,EMEF AGEU GENUINO DA SILVA,2015,5.6
25073567,EMEF AGEU GENUINO DA SILVA,2017,6.4
25073575,EMEF AMARO DA COSTA BARROS,2005,2.9
25073575,EMEF AMARO DA COSTA BARROS,2007,2.5
25073575,EMEF AMARO DA COSTA BARROS,2009,2.8
25073575,EMEF AMARO DA COSTA BARROS,2011,3.5
25073575,EMEF AMARO DA COSTA BARROS,2013,3.7
25073575,EMEF AMARO DA COSTA BARROS,2015,3.2
25073605,EMEF ANTONIO GUEDES DE ANDRADE,2005,1.7
25073613,ESCOLA MUNICIPAL DR JOSE TAVARES,2005,3.3
25073613,ESCOLA MUNICIPAL DR JOSE TAVARES,2007,3.4
25073613,ESCOLA MUNICIPAL DR JOSE TAVARES,2009,4.3
25073613,ESCOLA MUNICIPAL DR JOSE TAVARES,2011,4.4
25073613,ESCOLA MUNICIPAL DR JOSE TAVARES,2013,4
25073613,ESCOLA MUNICIPAL DR JOSE TAVARES,2015,4.7
25073613,ESCOLA MUNICIPAL DR JOSE TAVARES,2017,5.7
25073630,EMEF FERNANDO CUNHA LIMA,2007,3.3
25073630,EMEF FERNANDO CUNHA LIMA,2011,3.9
25073630,EMEF FERNANDO CUNHA LIMA,2013,3.2
25073630,EMEF FERNANDO CUNHA LIMA,2015,3.7
25073630,EMEF FERNANDO CUNHA LIMA,2017,4.2
25073648,EMEF FREI DAGOBERTO STUCKER,2005,2.9
25073648,EMEF FREI DAGOBERTO STUCKER,2007,2.2
25073648,EMEF FREI DAGOBERTO STUCKER,2009,2.9
25073656,EMEF GERIVALDO LUNA DE OLIVEIRA,2007,3.6
25073656,EMEF GERIVALDO LUNA DE OLIVEIRA,2009,3.2
25073656,EMEF GERIVALDO LUNA DE OLIVEIRA,2011,3.3
25073656,EMEF GERIVALDO LUNA DE OLIVEIRA,2013,3.7
25073656,EMEF GERIVALDO LUNA DE OLIVEIRA,2015,3.8
25073656,EMEF GERIVALDO LUNA DE OLIVEIRA,2017,2.9
25073664,EMEF JOSE GUILHERMINO BARBOSA,2005,2.9
25073664,EMEF JOSE GUILHERMINO BARBOSA,2007,3.2
25073664,EMEF JOSE GUILHERMINO BARBOSA,2009,4.1
25073664,EMEF JOSE GUILHERMINO BARBOSA,2011,3.5
25073664,EMEF JOSE GUILHERMINO BARBOSA,2013,4.2
25073664,EMEF JOSE GUILHERMINO BARBOSA,2015,5.3
25073664,EMEF JOSE GUILHERMINO BARBOSA,2017,5.3
25073672,EMEF JOANA DE ANGELIS,2005,3.5
25073699,EMEF LAFAYETE CAVALCANTE,2005,3.2
25073699,EMEF LAFAYETE CAVALCANTE,2007,2.9
25073699,EMEF LAFAYETE CAVALCANTE,2009,3.8
25073699,EMEF LAFAYETE CAVALCANTE,2011,4.4
25073699,EMEF LAFAYETE CAVALCANTE,2013,3.7
25073699,EMEF LAFAYETE CAVALCANTE,2015,4.3
25073699,EMEF LAFAYETE CAVALCANTE,2017,4.9
25073710,EMEF LUCIA DE FATIMA GAYOSO MEIRA,2005,3.6
25073710,EMEF LUCIA DE FATIMA GAYOSO MEIRA,2007,3.6
25073710,EMEF LUCIA DE FATIMA GAYOSO MEIRA,2009,4.6
25073710,EMEF LUCIA DE FATIMA GAYOSO MEIRA,2011,5.3
25073710,EMEF LUCIA DE FATIMA GAYOSO MEIRA,2013,4.1
25073710,EMEF LUCIA DE FATIMA GAYOSO MEIRA,2015,4.9
25073710,EMEF LUCIA DE FATIMA GAYOSO MEIRA,2017,6
25073729,EMEF LUIZ CAMBEBA,2007,3.9
25073729,EMEF LUIZ CAMBEBA,2009,3.8
25073729,EMEF LUIZ CAMBEBA,2011,4.3
25073729,EMEF LUIZ CAMBEBA,2013,3.9
25073729,EMEF LUIZ CAMBEBA,2015,4.6
25073729,EMEF LUIZ CAMBEBA,2017,5
25073737,EMEF LUIZ JOAQUIM AVELINO,2005,2.7
25073737,EMEF LUIZ JOAQUIM AVELINO,2007,2.9
25073737,EMEF LUIZ JOAQUIM AVELINO,2009,3.5
25073737,EMEF LUIZ JOAQUIM AVELINO,2011,3.7
25073737,EMEF LUIZ JOAQUIM AVELINO,2013,3.4
25073737,EMEF LUIZ JOAQUIM AVELINO,2015,4
25073745,EMEF MANOEL DA COSTA CIRNE,2005,2.2
25073745,EMEF MANOEL DA COSTA CIRNE,2007,2.4
25073745,EMEF MANOEL DA COSTA CIRNE,2009,2.9
25073745,EMEF MANOEL DA COSTA CIRNE,2011,3.1
25073745,EMEF MANOEL DA COSTA CIRNE,2013,3.6
25073745,EMEF MANOEL DA COSTA CIRNE,2015,3.4
25073745,EMEF MANOEL DA COSTA CIRNE,2017,4.6
25073761,EMEF MARIA DA LUZ,2009,3.7
25073770,ESCOLA MUNICIPAL MARIA JOSE DE CARVALHO DE SOUSA,2005,3.1
25073770,ESCOLA MUNICIPAL MARIA JOSE DE CARVALHO DE SOUSA,2007,3.2
25073770,ESCOLA MUNICIPAL MARIA JOSE DE CARVALHO DE SOUSA,2009,3.6
25073770,ESCOLA MUNICIPAL MARIA JOSE DE CARVALHO DE SOUSA,2011,4.3
25073770,ESCOLA MUNICIPAL MARIA JOSE DE CARVALHO DE SOUSA,2013,4.4
25073770,ESCOLA MUNICIPAL MARIA JOSE DE CARVALHO DE SOUSA,2015,5.3
25073770,ESCOLA MUNICIPAL MARIA JOSE DE CARVALHO DE SOUSA,2017,6.3
25073796,EMEF NENZINHA CUNHA LIMA,2005,3.2
25073796,EMEF NENZINHA CUNHA LIMA,2007,3.3
25073796,EMEF NENZINHA CUNHA LIMA,2009,4.1
25073796,EMEF NENZINHA CUNHA LIMA,2011,3.2
25073796,EMEF NENZINHA CUNHA LIMA,2013,4
25073796,EMEF NENZINHA CUNHA LIMA,2015,4.4
25073800,EMEF PADRE ANTONINO,2007,2.8
25073800,EMEF PADRE ANTONINO,2009,3.7
25073800,EMEF PADRE ANTONINO,2011,2.9
25073800,EMEF PADRE ANTONINO,2013,4.3
25073800,EMEF PADRE ANTONINO,2015,5
25073800,EMEF PADRE ANTONINO,2017,6.5
25073826,EMEF PROF FRANCISCA ZENA BRASILEIRO,2005,4.1
25073826,EMEF PROF FRANCISCA ZENA BRASILEIRO,2007,3.7
25073826,EMEF PROF FRANCISCA ZENA BRASILEIRO,2009,3.6
25073826,EMEF PROF FRANCISCA ZENA BRASILEIRO,2011,4.8
25073826,EMEF PROF FRANCISCA ZENA BRASILEIRO,2013,4.7
25073826,EMEF PROF FRANCISCA ZENA BRASILEIRO,2015,6.1
25073826,EMEF PROF FRANCISCA ZENA BRASILEIRO,2017,5.7
25073842,EMEF PROFA MARIA ANUNCIADA BEZERRA,2005,3.3
25073842,EMEF PROFA MARIA ANUNCIADA BEZERRA,2007,3.6
25073842,EMEF PROFA MARIA ANUNCIADA BEZERRA,2009,4
25073842,EMEF PROFA MARIA ANUNCIADA BEZERRA,2011,5.1
25073842,EMEF PROFA MARIA ANUNCIADA BEZERRA,2013,4.3
25073842,EMEF PROFA MARIA ANUNCIADA BEZERRA,2015,5.2
25073842,EMEF PROFA MARIA ANUNCIADA BEZERRA,2017,5.9
25073850,EMEF RAIMUNDO ASFORA,2007,2.8
25073850,EMEF RAIMUNDO ASFORA,2009,3.2
25073850,EMEF RAIMUNDO ASFORA,2011,3.6
25073850,EMEF RAIMUNDO ASFORA,2013,3.5
25073850,EMEF RAIMUNDO ASFORA,2015,4.4
25073850,EMEF RAIMUNDO ASFORA,2017,4.5
25073877,EMEF RIVANILDO SANDRO ARCOVERDE,2007,3.9
25073877,EMEF RIVANILDO SANDRO ARCOVERDE,2009,3.5
25073877,EMEF RIVANILDO SANDRO ARCOVERDE,2011,4.5
25073877,EMEF RIVANILDO SANDRO ARCOVERDE,2013,4.4
25073877,EMEF RIVANILDO SANDRO ARCOVERDE,2015,5
25073877,EMEF RIVANILDO SANDRO ARCOVERDE,2017,6.1
25073885,EMEF SANTO AFONSO,2005,2.4
25073885,EMEF SANTO AFONSO,2007,4.4
25073885,EMEF SANTO AFONSO,2009,3.6
25073885,EMEF SANTO AFONSO,2011,3.9
25073885,EMEF SANTO AFONSO,2013,4.7
25073885,EMEF SANTO AFONSO,2015,5
25073885,EMEF SANTO AFONSO,2017,4.4
25073958,EMEF PROF JOSE DE ALMEIDA JUNIOR,2005,2.3
25073958,EMEF PROF JOSE DE ALMEIDA JUNIOR,2007,2.8
25073958,EMEF PROF JOSE DE ALMEIDA JUNIOR,2009,3.6
25073958,EMEF PROF JOSE DE ALMEIDA JUNIOR,2013,3.5
25073982,EMEF ALICE GAUDENCIO,2005,2.5
25073982,EMEF ALICE GAUDENCIO,2007,2.8
25073982,EMEF ALICE GAUDENCIO,2009,3.3
25073982,EMEF ALICE GAUDENCIO,2011,3.7
25073982,EMEF ALICE GAUDENCIO,2013,3.5
25073982,EMEF ALICE GAUDENCIO,2015,4.4
25073982,EMEF ALICE GAUDENCIO,2017,5.2
25074024,EMEF ALMEIDA BARRETO,2007,2.4
25074024,EMEF ALMEIDA BARRETO,2011,3.3
25074059,EMEF ANA AZEVEDO,2005,3.1
25074059,EMEF ANA AZEVEDO,2007,4.5
25074059,EMEF ANA AZEVEDO,2009,4.9
25074059,EMEF ANA AZEVEDO,2011,5.1
25074059,EMEF ANA AZEVEDO,2013,3.9
25074059,EMEF ANA AZEVEDO,2015,4.3
25074059,EMEF ANA AZEVEDO,2017,5.9
25074075,EMEF ANESIO LEAO,2005,3
25074075,EMEF ANESIO LEAO,2007,2.8
25074075,EMEF ANESIO LEAO,2009,2.4
25074075,EMEF ANESIO LEAO,2011,3.1
25074075,EMEF ANESIO LEAO,2013,3
25074075,EMEF ANESIO LEAO,2015,2.3
25074075,EMEF ANESIO LEAO,2017,4.2
25074091,EMEF ANIS TIMANI,2005,2.7
25074091,EMEF ANIS TIMANI,2007,2.6
25074091,EMEF ANIS TIMANI,2009,3.6
25074091,EMEF ANIS TIMANI,2011,4.3
25074091,EMEF ANIS TIMANI,2013,3.7
25074091,EMEF ANIS TIMANI,2015,4.1
25074091,EMEF ANIS TIMANI,2017,3.9
25074113,EMEF ANISIO TEIXEIRA,2007,2.8
25074113,EMEF ANISIO TEIXEIRA,2009,3.3
25074113,EMEF ANISIO TEIXEIRA,2011,4.2
25074113,EMEF ANISIO TEIXEIRA,2013,4.6
25074113,EMEF ANISIO TEIXEIRA,2015,3.3
25074148,EMEF APOLONIA AMORIM,2005,2.8
25074148,EMEF APOLONIA AMORIM,2009,3.6
25074148,EMEF APOLONIA AMORIM,2017,5
25074164,EMEF AROLDO CRUZ FILHO,2007,3.6
25074164,EMEF AROLDO CRUZ FILHO,2011,4.5
25074164,EMEF AROLDO CRUZ FILHO,2013,4
25074164,EMEF AROLDO CRUZ FILHO,2017,5.9
25074172,EMEF CENTENARIO,2005,3.1
25074172,EMEF CENTENARIO,2007,3.4
25074172,EMEF CENTENARIO,2015,4.6
25074172,EMEF CENTENARIO,2017,4.9
25074199,EMEF CICERO VIRGINIO,2007,1.9
25074199,EMEF CICERO VIRGINIO,2015,4.4
25074199,EMEF CICERO VIRGINIO,2017,5
25074229,EMEF CRISTINA PROCOPIO,2005,2.5
25074229,EMEF CRISTINA PROCOPIO,2007,3
25074229,EMEF CRISTINA PROCOPIO,2009,3.7
25074229,EMEF CRISTINA PROCOPIO,2011,4
25074229,EMEF CRISTINA PROCOPIO,2013,4.2
25074229,EMEF CRISTINA PROCOPIO,2015,4.2
25074245,EMEF DEP PETRONIO FIGUEREDO,2005,3
25074245,EMEF DEP PETRONIO FIGUEREDO,2007,2.3
25074245,EMEF DEP PETRONIO FIGUEREDO,2009,3.3
25074245,EMEF DEP PETRONIO FIGUEREDO,2017,5.3
25074288,EMEF DR SEVERINO CRUZ,2005,3.1
25074288,EMEF DR SEVERINO CRUZ,2007,3.5
25074288,EMEF DR SEVERINO CRUZ,2009,4.7
25074288,EMEF DR SEVERINO CRUZ,2011,4.8
25074288,EMEF DR SEVERINO CRUZ,2015,5.7
25074288,EMEF DR SEVERINO CRUZ,2017,5.8
25074296,EMEF EPITACIO PESSOA,2005,2.4
25074296,EMEF EPITACIO PESSOA,2007,2.8
25074296,EMEF EPITACIO PESSOA,2009,3.4
25074296,EMEF EPITACIO PESSOA,2011,4.2
25074296,EMEF EPITACIO PESSOA,2013,4.3
25074296,EMEF EPITACIO PESSOA,2015,5.1
25074296,EMEF EPITACIO PESSOA,2017,5.5
25074326,EMEF FELIX ARAUJO,2005,2.9
25074326,EMEF FELIX ARAUJO,2007,3.6
25074326,EMEF FELIX ARAUJO,2009,3.1
25074326,EMEF FELIX ARAUJO,2011,3.6
25074326,EMEF FELIX ARAUJO,2013,4.2
25074326,EMEF FELIX ARAUJO,2015,4.7
25074326,EMEF FELIX ARAUJO,2017,5.3
25074369,EMEF GRACITA MELO,2011,3.6
25074369,EMEF GRACITA MELO,2015,5.1
25074369,EMEF GRACITA MELO,2017,5.5
25074377,EMEF GUSTAVO ADOLFO CANDIDO ALVES,2005,3.3
25074377,EMEF GUSTAVO ADOLFO CANDIDO ALVES,2007,3.6
25074377,EMEF GUSTAVO ADOLFO CANDIDO ALVES,2009,3.3
25074377,EMEF GUSTAVO ADOLFO CANDIDO ALVES,2011,4.7
25074377,EMEF GUSTAVO ADOLFO CANDIDO ALVES,2013,5.1
25074377,EMEF GUSTAVO ADOLFO CANDIDO ALVES,2015,5.7
25074377,EMEF GUSTAVO ADOLFO CANDIDO ALVES,2017,6.3
25074393,EMEF HELENO HENRIQUES,2007,2.5
25074393,EMEF HELENO HENRIQUES,2009,3.8
25074393,EMEF HELENO HENRIQUES,2011,4.2
25074393,EMEF HELENO HENRIQUES,2013,3.1
25074393,EMEF HELENO HENRIQUES,2015,4.9
25074393,EMEF HELENO HENRIQUES,2017,5.6
25074407,EMEF HENRIQUE G BARBOSA,2005,3.9
25074407,EMEF HENRIQUE G BARBOSA,2007,3.2
25074407,EMEF HENRIQUE G BARBOSA,2009,3
25074407,EMEF HENRIQUE G BARBOSA,2011,4
25074407,EMEF HENRIQUE G BARBOSA,2013,3.7
25074407,EMEF HENRIQUE G BARBOSA,2015,4.6
25074407,EMEF HENRIQUE G BARBOSA,2017,5.5
25074482,EMEF JOSE VIRGINIO DE LIMA,2009,2.6
25074482,EMEF JOSE VIRGINIO DE LIMA,2011,2.9
25074512,EMEF JOSELITA BRASILEIRO,2017,5.2
25074547,EMEF LILIOSA BARRETO,2007,3.8
25074547,EMEF LILIOSA BARRETO,2009,3.7
25074547,EMEF LILIOSA BARRETO,2011,3.2
25074547,EMEF LILIOSA BARRETO,2013,3.5
25074547,EMEF LILIOSA BARRETO,2015,4.1
25074563,ESCOLA MUNICIPAL DE ENSINO FUNDAMENTAL LINDOLFO MONTENEGRO,2005,3.2
25074563,ESCOLA MUNICIPAL DE ENSINO FUNDAMENTAL LINDOLFO MONTENEGRO,2007,3
25074563,ESCOLA MUNICIPAL DE ENSINO FUNDAMENTAL LINDOLFO MONTENEGRO,2009,3.7
25074563,ESCOLA MUNICIPAL DE ENSINO FUNDAMENTAL LINDOLFO MONTENEGRO,2011,4.7
25074563,ESCOLA MUNICIPAL DE ENSINO FUNDAMENTAL LINDOLFO MONTENEGRO,2013,3.8
25074563,ESCOLA MUNICIPAL DE ENSINO FUNDAMENTAL LINDOLFO MONTENEGRO,2015,5.5
25074563,ESCOLA MUNICIPAL DE ENSINO FUNDAMENTAL LINDOLFO MONTENEGRO,2017,6.2
25074580,EMEF LUIS GOMES DA SILVA,2007,3.8
25074580,EMEF LUIS GOMES DA SILVA,2009,4.2
25074580,EMEF LUIS GOMES DA SILVA,2011,4.3
25074580,EMEF LUIS GOMES DA SILVA,2013,4
25074580,EMEF LUIS GOMES DA SILVA,2015,6.3
25074580,EMEF LUIS GOMES DA SILVA,2017,5.6
25074636,EMEF MARECHAL CANDIDO RONDON,2007,3.8
25074636,EMEF MARECHAL CANDIDO RONDON,2009,4.3
25074636,EMEF MARECHAL CANDIDO RONDON,2013,5.2
25074644,EMEF MARIA CANDIDA DE OLIVEIRA,2005,3.2
25074644,EMEF MARIA CANDIDA DE OLIVEIRA,2007,3.8
25074644,EMEF MARIA CANDIDA DE OLIVEIRA,2009,4.5
25074644,EMEF MARIA CANDIDA DE OLIVEIRA,2011,4.3
25074644,EMEF MARIA CANDIDA DE OLIVEIRA,2013,4.5
25074644,EMEF MARIA CANDIDA DE OLIVEIRA,2015,4.7
25074644,EMEF MARIA CANDIDA DE OLIVEIRA,2017,5.5
25074695,EMEF MARIA MINERVINA FIGUEIREDO,2005,2.3
25074695,EMEF MARIA MINERVINA FIGUEIREDO,2007,2.5
25074695,EMEF MARIA MINERVINA FIGUEIREDO,2009,2.9
25074695,EMEF MARIA MINERVINA FIGUEIREDO,2011,4.5
25074695,EMEF MARIA MINERVINA FIGUEIREDO,2017,5
25074717,EMEF MARIINHA BORBOREMA,2005,1.9
25074717,EMEF MARIINHA BORBOREMA,2007,2.8
25074717,EMEF MARIINHA BORBOREMA,2009,2.6
25074717,EMEF MARIINHA BORBOREMA,2011,3.3
25074717,EMEF MARIINHA BORBOREMA,2013,3.6
25074717,EMEF MARIINHA BORBOREMA,2015,4.1
25074717,EMEF MARIINHA BORBOREMA,2017,5.1
25074733,EMEF MELO LEITAO,2005,3.3
25074733,EMEF MELO LEITAO,2007,2.9
25074733,EMEF MELO LEITAO,2009,4
25074733,EMEF MELO LEITAO,2011,4.9
25074733,EMEF MELO LEITAO,2013,4.3
25074733,EMEF MELO LEITAO,2015,3.4
25074733,EMEF MELO LEITAO,2017,5.9
25074741,EMEF MONSENHOR SALES,2007,3.3
25074741,EMEF MONSENHOR SALES,2011,4.3
25074741,EMEF MONSENHOR SALES,2013,4.8
25074741,EMEF MONSENHOR SALES,2015,5.1
25074741,EMEF MONSENHOR SALES,2017,5.1
25074776,EMEF PADRE CORNELIO BOER,2007,4
25074776,EMEF PADRE CORNELIO BOER,2009,4.7
25074776,EMEF PADRE CORNELIO BOER,2013,5
25074776,EMEF PADRE CORNELIO BOER,2015,5.3
25074776,EMEF PADRE CORNELIO BOER,2017,6.3
25074792,EMEF PE EMIDIO VIANA CORREIA,2007,3.3
25074792,EMEF PE EMIDIO VIANA CORREIA,2009,2.9
25074792,EMEF PE EMIDIO VIANA CORREIA,2011,4.1
25074792,EMEF PE EMIDIO VIANA CORREIA,2013,4.1
25074792,EMEF PE EMIDIO VIANA CORREIA,2015,4.6
25074792,EMEF PE EMIDIO VIANA CORREIA,2017,5.4
25074806,EMEF POETA ALVARO G PINHEIRO,2007,3.2
25074806,EMEF POETA ALVARO G PINHEIRO,2009,4.6
25074806,EMEF POETA ALVARO G PINHEIRO,2011,3.9
25074806,EMEF POETA ALVARO G PINHEIRO,2013,4.1
25074806,EMEF POETA ALVARO G PINHEIRO,2015,5.2
25074806,EMEF POETA ALVARO G PINHEIRO,2017,6
25074814,EMEF PRESIDENTE KENNEDY,2007,3
25074814,EMEF PRESIDENTE KENNEDY,2009,3.7
25074814,EMEF PRESIDENTE KENNEDY,2011,4.5
25074814,EMEF PRESIDENTE KENNEDY,2013,4.2
25074814,EMEF PRESIDENTE KENNEDY,2015,4.9
25074814,EMEF PRESIDENTE KENNEDY,2017,5
25074865,EMEF PROF CAPIBA,2007,3.9
25074865,EMEF PROF CAPIBA,2009,4.3
25074865,EMEF PROF CAPIBA,2011,4.2
25074865,EMEF PROF CAPIBA,2013,5.2
25074890,EMEF PROF MIRON,2005,3.8
25074890,EMEF PROF MIRON,2007,3
25074890,EMEF PROF MIRON,2011,4.7
25074890,EMEF PROF MIRON,2013,3.2
25074890,EMEF PROF MIRON,2015,3.8
25074890,EMEF PROF MIRON,2017,3.5
25074903,EMEF PROFESSORA NELY DE LIMA E MELO,2007,3
25074903,EMEF PROFESSORA NELY DE LIMA E MELO,2009,3.3
25074903,EMEF PROFESSORA NELY DE LIMA E MELO,2011,3.5
25074903,EMEF PROFESSORA NELY DE LIMA E MELO,2013,2.9
25074903,EMEF PROFESSORA NELY DE LIMA E MELO,2015,2.6
25074903,EMEF PROFESSORA NELY DE LIMA E MELO,2017,3.7
25074920,EMEF PROF SELMA AGRA VILARIM,2007,3.9
25074920,EMEF PROF SELMA AGRA VILARIM,2009,3.2
25074920,EMEF PROF SELMA AGRA VILARIM,2011,3.6
25074920,EMEF PROF SELMA AGRA VILARIM,2013,3.9
25074920,EMEF PROF SELMA AGRA VILARIM,2017,4.3
25074938,EMEF PROFA LUZIA DANTAS,2007,4.6
25074938,EMEF PROFA LUZIA DANTAS,2009,4.7
25074938,EMEF PROFA LUZIA DANTAS,2011,4.5
25074938,EMEF PROFA LUZIA DANTAS,2013,5
25074938,EMEF PROFA LUZIA DANTAS,2015,3.9
25074938,EMEF PROFA LUZIA DANTAS,2017,5.5
25074962,EMEF SANDRA CAVALCANTI,2007,3.5
25074962,EMEF SANDRA CAVALCANTI,2009,4.6
25074962,EMEF SANDRA CAVALCANTI,2013,2.6
25074962,EMEF SANDRA CAVALCANTI,2015,5.5
25074962,EMEF SANDRA CAVALCANTI,2017,6.6
25075020,EMEF STELLITA CRUZ,2005,3.5
25075020,EMEF STELLITA CRUZ,2007,2.7
25075020,EMEF STELLITA CRUZ,2009,2.8
25075020,EMEF STELLITA CRUZ,2011,4.6
25075020,EMEF STELLITA CRUZ,2013,4.6
25075020,EMEF STELLITA CRUZ,2015,4.2
25075020,EMEF STELLITA CRUZ,2017,5.5
25075047,EMEF SANTO ANTONIO 2,2005,2.9
25075047,EMEF SANTO ANTONIO 2,2007,3.8
25075047,EMEF SANTO ANTONIO 2,2009,3
25075047,EMEF SANTO ANTONIO 2,2011,3.9
25075047,EMEF SANTO ANTONIO 2,2013,2.7
25075047,EMEF SANTO ANTONIO 2,2017,6.2
25075071,EMEF TIRADENTES,2005,2.3
25075071,EMEF TIRADENTES,2007,2.7
25075071,EMEF TIRADENTES,2009,3.1
25075071,EMEF TIRADENTES,2011,3.4
25075071,EMEF TIRADENTES,2013,4.3
25075071,EMEF TIRADENTES,2015,4
25075462,EMEF DEZENOVE DE MARCO,2007,4.1
25075462,EMEF DEZENOVE DE MARCO,2009,2.7
25075462,EMEF DEZENOVE DE MARCO,2011,3.8
25075462,EMEF DEZENOVE DE MARCO,2013,4
25075462,EMEF DEZENOVE DE MARCO,2015,4.1
25075462,EMEF DEZENOVE DE MARCO,2017,5
25076183,EMEF ADALGISA AMORIM,2005,3.7
25076183,EMEF ADALGISA AMORIM,2007,3.8
25076183,EMEF ADALGISA AMORIM,2009,4.8
25076183,EMEF ADALGISA AMORIM,2011,3.7
25076183,EMEF ADALGISA AMORIM,2013,5
25076183,EMEF ADALGISA AMORIM,2015,4.8
25076221,EMEF JOAO FRANCISCO DA MOTA,2009,3.9
25076221,EMEF JOAO FRANCISCO DA MOTA,2011,3.3
25076221,EMEF JOAO FRANCISCO DA MOTA,2013,4.2
25076221,EMEF JOAO FRANCISCO DA MOTA,2015,5.6
25076221,EMEF JOAO FRANCISCO DA MOTA,2017,5.1
25076256,EMEF NOSSA SRA DO PERPETUO SOCORRO,2011,5.1
25076256,EMEF NOSSA SRA DO PERPETUO SOCORRO,2013,4.3
25076256,EMEF NOSSA SRA DO PERPETUO SOCORRO,2015,4.5
25076256,EMEF NOSSA SRA DO PERPETUO SOCORRO,2017,5.3
25076280,EMEF IRACEMA PIMENTEL,2009,2.8
25076280,EMEF IRACEMA PIMENTEL,2011,4
25076280,EMEF IRACEMA PIMENTEL,2013,3.9
25076280,EMEF IRACEMA PIMENTEL,2015,4.6
25076280,EMEF IRACEMA PIMENTEL,2017,4.9
25076493,EMEF CICERO CORREIA DE MENESES,2005,2.5
25076493,EMEF CICERO CORREIA DE MENESES,2009,4.8
25076493,EMEF CICERO CORREIA DE MENESES,2013,4.2
25076493,EMEF CICERO CORREIA DE MENESES,2015,4.5
25076493,EMEF CICERO CORREIA DE MENESES,2017,4.6
25076582,EEEFM IRMA JOAQUINA SAMPAIO,2005,2.3
25076582,EEEFM IRMA JOAQUINA SAMPAIO,2007,3
25076582,EEEFM IRMA JOAQUINA SAMPAIO,2009,3.3
25076582,EEEFM IRMA JOAQUINA SAMPAIO,2013,4.3
25076582,EEEFM IRMA JOAQUINA SAMPAIO,2015,3.4
25076590,EEEFM JOSE MIGUEL LEAO,2005,2.8
25076590,EEEFM JOSE MIGUEL LEAO,2007,3
25076590,EEEFM JOSE MIGUEL LEAO,2009,3.2
25076590,EEEFM JOSE MIGUEL LEAO,2011,3.7
25076590,EEEFM JOSE MIGUEL LEAO,2013,3.6
25076590,EEEFM JOSE MIGUEL LEAO,2017,3.1
25076930,EMEF SAO CLEMENTE,2005,2.9
25076930,EMEF SAO CLEMENTE,2009,3.4
25076930,EMEF SAO CLEMENTE,2011,3.7
25076930,EMEF SAO CLEMENTE,2013,3.6
25076930,EMEF SAO CLEMENTE,2015,3.8
25077023,EMEF LUIS JUVINO GOMES,2009,4.3
25077023,EMEF LUIS JUVINO GOMES,2011,4.1
25077023,EMEF LUIS JUVINO GOMES,2013,3.4
25077023,EMEF LUIS JUVINO GOMES,2015,4.1
25077040,EMEF PROF LUIS GIL,2009,3.4
25077040,EMEF PROF LUIS GIL,2011,3.8
25077040,EMEF PROF LUIS GIL,2013,3.6
25077040,EMEF PROF LUIS GIL,2015,5
25077040,EMEF PROF LUIS GIL,2017,5.8
25077058,EMEF PROF MAURO LUNA,2009,3.5
25077058,EMEF PROF MAURO LUNA,2011,4.4
25077058,EMEF PROF MAURO LUNA,2013,4.2
25077058,EMEF PROF MAURO LUNA,2015,4.6
25077058,EMEF PROF MAURO LUNA,2017,5.2
25077066,EMEF ANTONIO ALVES DE ARAUJO,2011,4
25077066,EMEF ANTONIO ALVES DE ARAUJO,2013,3.4
25077066,EMEF ANTONIO ALVES DE ARAUJO,2015,4.1
25077066,EMEF ANTONIO ALVES DE ARAUJO,2017,4.6
25108662,EMEF CEAI DR JOAO PEREIRA DE ASSIS,2005,3.4
25108662,EMEF CEAI DR JOAO PEREIRA DE ASSIS,2007,3.6
25108662,EMEF CEAI DR JOAO PEREIRA DE ASSIS,2009,3.6
25108662,EMEF CEAI DR JOAO PEREIRA DE ASSIS,2011,3.9
25108662,EMEF CEAI DR JOAO PEREIRA DE ASSIS,2013,4
25108662,EMEF CEAI DR JOAO PEREIRA DE ASSIS,2015,4.9
25108662,EMEF CEAI DR JOAO PEREIRA DE ASSIS,2017,5.2
25114034,EEEF DOM HELDER CAMARA,2005,3.4
25114034,EEEF DOM HELDER CAMARA,2007,4.3
25114034,EEEF DOM HELDER CAMARA,2009,3.4
25114034,EEEF DOM HELDER CAMARA,2011,4.1
25114034,EEEF DOM HELDER CAMARA,2013,4.4
25114034,EEEF DOM HELDER CAMARA,2015,4
25114034,EEEF DOM HELDER CAMARA,2017,5
25114433,EEEF SENADOR HUMBERTO LUCENA,2009,3.5
25114433,EEEF SENADOR HUMBERTO LUCENA,2011,4.1
25114433,EEEF SENADOR HUMBERTO LUCENA,2013,3.7
25114433,EEEF SENADOR HUMBERTO LUCENA,2015,4
25114433,EEEF SENADOR HUMBERTO LUCENA,2017,3.3
25114808,EEEFM PROF ITAN PEREIRA,2005,2.6
25114808,EEEFM PROF ITAN PEREIRA,2007,2.7
25114808,EEEFM PROF ITAN PEREIRA,2011,3.2
25114808,EEEFM PROF ITAN PEREIRA,2013,3.6
25117459,EEEFM PREFEITO WILLIAMS DE SOUSA ARRUDA,2005,3.2
25117459,EEEFM PREFEITO WILLIAMS DE SOUSA ARRUDA,2007,3.4
25117459,EEEFM PREFEITO WILLIAMS DE SOUSA ARRUDA,2009,3.4
25117459,EEEFM PREFEITO WILLIAMS DE SOUSA ARRUDA,2013,4.3
25117459,EEEFM PREFEITO WILLIAMS DE SOUSA ARRUDA,2015,3.8
25117459,EEEFM PREFEITO WILLIAMS DE SOUSA ARRUDA,2017,5
25117688,EEEF IRMA STEFANIE,2005,3.3
25117688,EEEF IRMA STEFANIE,2007,4.3
25117688,EEEF IRMA STEFANIE,2009,4.5
25117688,EEEF IRMA STEFANIE,2013,4.1
25117688,EEEF IRMA STEFANIE,2015,3.5
25117858,EEEF REITOR EDVALDO DO O,2005,3.4
25117858,EEEF REITOR EDVALDO DO O,2007,3.7
25117858,EEEF REITOR EDVALDO DO O,2013,4.1
25117866,EEEF POETISA VICENTINA FIGUEIREDO VITAL DO REGO,2005,2.7
25117866,EEEF POETISA VICENTINA FIGUEIREDO VITAL DO REGO,2007,3.4
25117866,EEEF POETISA VICENTINA FIGUEIREDO VITAL DO REGO,2009,3.4
25117866,EEEF POETISA VICENTINA FIGUEIREDO VITAL DO REGO,2011,4.2
25117866,EEEF POETISA VICENTINA FIGUEIREDO VITAL DO REGO,2013,4.1
25117866,EEEF POETISA VICENTINA FIGUEIREDO VITAL DO REGO,2015,5.2
25117866,EEEF POETISA VICENTINA FIGUEIREDO VITAL DO REGO,2017,2.8
25117882,EMEF DR WILLIAMS DE SOUZA ARRUDA,2005,3.2
25117882,EMEF DR WILLIAMS DE SOUZA ARRUDA,2007,3.2
25117882,EMEF DR WILLIAMS DE SOUZA ARRUDA,2009,3.7
25117882,EMEF DR WILLIAMS DE SOUZA ARRUDA,2011,4.3
25117882,EMEF DR WILLIAMS DE SOUZA ARRUDA,2013,4.4
25117882,EMEF DR WILLIAMS DE SOUZA ARRUDA,2015,4.7
25117882,EMEF DR WILLIAMS DE SOUZA ARRUDA,2017,4.6
25120646,EMEF MARIA DAS VITORIAS PIRES UCHOA QUEIROZ,2005,3.1
25120646,EMEF MARIA DAS VITORIAS PIRES UCHOA QUEIROZ,2007,2
25120646,EMEF MARIA DAS VITORIAS PIRES UCHOA QUEIROZ,2009,2.4
25120646,EMEF MARIA DAS VITORIAS PIRES UCHOA QUEIROZ,2011,3.8
25120646,EMEF MARIA DAS VITORIAS PIRES UCHOA QUEIROZ,2013,3.3
25120646,EMEF MARIA DAS VITORIAS PIRES UCHOA QUEIROZ,2015,3.8
25120646,EMEF MARIA DAS VITORIAS PIRES UCHOA QUEIROZ,2017,3.9
25120670,EEEFM MAJOR VENEZIANO VITAL DO REGO,2005,2.5
25120670,EEEFM MAJOR VENEZIANO VITAL DO REGO,2007,3.5
25120670,EEEFM MAJOR VENEZIANO VITAL DO REGO,2009,2.2
25120670,EEEFM MAJOR VENEZIANO VITAL DO REGO,2011,4.4
25120670,EEEFM MAJOR VENEZIANO VITAL DO REGO,2013,3.5
25121669,EMEF CASSIANO PASCOAL PEREIRA,2005,4
25121669,EMEF CASSIANO PASCOAL PEREIRA,2007,4.7
25121669,EMEF CASSIANO PASCOAL PEREIRA,2009,4.8
25121669,EMEF CASSIANO PASCOAL PEREIRA,2011,5.5
25121669,EMEF CASSIANO PASCOAL PEREIRA,2013,5.3
25121669,EMEF CASSIANO PASCOAL PEREIRA,2015,5.2
25121669,EMEF CASSIANO PASCOAL PEREIRA,2017,6
25121677,EMEF MANOEL FRANCISCO DA MOTTA,2005,3.9
25121677,EMEF MANOEL FRANCISCO DA MOTTA,2007,4
25121677,EMEF MANOEL FRANCISCO DA MOTTA,2009,4.4
25121677,EMEF MANOEL FRANCISCO DA MOTTA,2011,5.4
25121677,EMEF MANOEL FRANCISCO DA MOTTA,2013,5.7
25121677,EMEF MANOEL FRANCISCO DA MOTTA,2015,6
25121677,EMEF MANOEL FRANCISCO DA MOTTA,2017,6.4
25121685,EMEF ROBERTO SIMONSEN,2005,2.7
25121685,EMEF ROBERTO SIMONSEN,2007,3.3
25121685,EMEF ROBERTO SIMONSEN,2009,4.2
25121685,EMEF ROBERTO SIMONSEN,2011,4.4
25121685,EMEF ROBERTO SIMONSEN,2013,4.8
25121685,EMEF ROBERTO SIMONSEN,2015,5.2
25121685,EMEF ROBERTO SIMONSEN,2017,5.8
25122541,EMEF SEMENTE DE VIDA,2007,5.2
25122576,EMEF PAULO FREIRE,2007,2.1
25122576,EMEF PAULO FREIRE,2009,4.4
25122576,EMEF PAULO FREIRE,2011,3.6
25122576,EMEF PAULO FREIRE,2013,3.4
25122576,EMEF PAULO FREIRE,2015,4.4
25122576,EMEF PAULO FREIRE,2017,3.4
25128531,ESCOLA MUNICIPAL PROFESSOR ERALDO CEZAR DE ARAUJO,2017,4.9
25148800,EMEF MARIA SALOME ALVES DOS SANTOS,2009,4.5
25148800,EMEF MARIA SALOME ALVES DOS SANTOS,2011,3.7
25148800,EMEF MARIA SALOME ALVES DOS SANTOS,2013,4.1
25148800,EMEF MARIA SALOME ALVES DOS SANTOS,2017,4.2
25150200,EMEF ESTUDANTE LEONARDO VITORINO GUIMARAES,2009,4.3
25150200,EMEF ESTUDANTE LEONARDO VITORINO GUIMARAES,2011,5.2
25150200,EMEF ESTUDANTE LEONARDO VITORINO GUIMARAES,2013,5.8
25150200,EMEF ESTUDANTE LEONARDO VITORINO GUIMARAES,2015,5.9
25150200,EMEF ESTUDANTE LEONARDO VITORINO GUIMARAES,2017,6.3
25251945,EEEF ZULEIDE CAVALCANTE PORTO,2009,2.9
25251945,EEEF ZULEIDE CAVALCANTE PORTO,2013,2.9
25251945,EEEF ZULEIDE CAVALCANTE PORTO,2015,3.6
25251945,EEEF ZULEIDE CAVALCANTE PORTO,2017,3.1
41124545,ANNA F DA COSTA E M EI EF,2005,3.9
41124545,ANNA F DA COSTA E M EI EF,2007,4.2
41124545,ANNA F DA COSTA E M EI EF,2009,4.9
41124545,ANNA F DA COSTA E M EI EF,2011,4.9
41124545,ANNA F DA COSTA E M EI EF,2013,5.8
41124545,ANNA F DA COSTA E M EI EF,2015,6.4
41124545,ANNA F DA COSTA E M EI EF,2017,6.1
41124553,ANTONIO J DE CARVALHO E M EI EF,2005,4.7
41124553,ANTONIO J DE CARVALHO E M EI EF,2007,4.1
41124553,ANTONIO J DE CARVALHO E M EI EF,2009,5.3
41124553,ANTONIO J DE CARVALHO E M EI EF,2011,5.5
41124553,ANTONIO J DE CARVALHO E M EI EF,2013,6.2
41124553,ANTONIO J DE CARVALHO E M EI EF,2015,6.4
41124553,ANTONIO J DE CARVALHO E M EI EF,2017,6.2
41124561,AUGUSTO STABEN E M EI EF,2005,4.6
41124561,AUGUSTO STABEN E M EI EF,2007,5.1
41124561,AUGUSTO STABEN E M EI EF,2009,4.9
41124561,AUGUSTO STABEN E M EI EF,2011,5.8
41124561,AUGUSTO STABEN E M EI EF,2013,6
41124561,AUGUSTO STABEN E M EI EF,2015,6.5
41124561,AUGUSTO STABEN E M EI EF,2017,5.6
41124642,HUMBERTO A C BRANCO E M MAL EI EF,2009,4.3
41124642,HUMBERTO A C BRANCO E M MAL EI EF,2011,4.5
41124642,HUMBERTO A C BRANCO E M MAL EI EF,2017,5.2
41124677,JOAO ASSUNCAO E R M EI EF,2009,4.4
41124677,JOAO ASSUNCAO E R M EI EF,2011,4.5
41124677,JOAO ASSUNCAO E R M EI EF,2013,5
41124677,JOAO ASSUNCAO E R M EI EF,2017,5
41124685,JOSE E GONCALVES E M EI EF,2005,4.2
41124685,JOSE E GONCALVES E M EI EF,2007,4.7
41124685,JOSE E GONCALVES E M EI EF,2009,4.9
41124685,JOSE E GONCALVES E M EI EF,2011,5.3
41124685,JOSE E GONCALVES E M EI EF,2013,5.7
41124685,JOSE E GONCALVES E M EI EF,2015,6.3
41124685,JOSE E GONCALVES E M EI EF,2017,5.7
41124707,LUCIDIO F RIBEIRO E M EI EF,2005,4.8
41124707,LUCIDIO F RIBEIRO E M EI EF,2007,5.1
41124707,LUCIDIO F RIBEIRO E M EI EF,2009,4.9
41124707,LUCIDIO F RIBEIRO E M EI EF,2011,5.4
41124707,LUCIDIO F RIBEIRO E M EI EF,2013,5.5
41124707,LUCIDIO F RIBEIRO E M EI EF,2015,6.7
41124707,LUCIDIO F RIBEIRO E M EI EF,2017,5.9
41124723,MARCOS N STRAPASSONI E M EF,2005,4.4
41124723,MARCOS N STRAPASSONI E M EF,2007,4.3
41124723,MARCOS N STRAPASSONI E M EF,2009,5.1
41124723,MARCOS N STRAPASSONI E M EF,2011,4.9
41124723,MARCOS N STRAPASSONI E M EF,2013,5.9
41124723,MARCOS N STRAPASSONI E M EF,2015,5.7
41124723,MARCOS N STRAPASSONI E M EF,2017,5.4
41124758,NILCE T ZANETTI E M PROFA EI EF,2005,4.2
41124758,NILCE T ZANETTI E M PROFA EI EF,2007,4.5
41124758,NILCE T ZANETTI E M PROFA EI EF,2009,5
41124758,NILCE T ZANETTI E M PROFA EI EF,2011,5
41124758,NILCE T ZANETTI E M PROFA EI EF,2013,5.2
41124758,NILCE T ZANETTI E M PROFA EI EF,2015,6
41124758,NILCE T ZANETTI E M PROFA EI EF,2017,6.1
41124812,SANTA LETICIA E R M EF,2009,4.5
41124812,SANTA LETICIA E R M EF,2011,4.1
41124812,SANTA LETICIA E R M EF,2013,4.6
41124812,SANTA LETICIA E R M EF,2015,5.3
41124812,SANTA LETICIA E R M EF,2017,4.6
41124855,ULISSES GUIMARAES E M EI EF,2005,4.2
41124855,ULISSES GUIMARAES E M EI EF,2007,4.8
41124855,ULISSES GUIMARAES E M EI EF,2009,4.7
41124855,ULISSES GUIMARAES E M EI EF,2011,5
41124855,ULISSES GUIMARAES E M EI EF,2013,4.6
41124855,ULISSES GUIMARAES E M EI EF,2015,6.3
41124855,ULISSES GUIMARAES E M EI EF,2017,5.5
41384563,ALESSANDRA C ASSUNCAO E M EI EF,2007,4.6
41384563,ALESSANDRA C ASSUNCAO E M EI EF,2009,4.2