NU_ANO,CO_UF_ESCOLA,SG_UF_ESCOLA,CO_MUNICIPIO_ESCOLA,NO_MUNICIPIO_ESCOLA,CO_ESCOLA_EDUCACENSO,NO_ESCOLA_EDUCACENSO,TP_DEPENDENCIA_ADM_ESCOLA,TP_LOCALIZACAO_ESCOLA,NU_MATRICULAS,NU_PARTICIPANTES_NEC_ESP,NU_PARTICIPANTES,NU_TAXA_PARTICIPACAO,NU_MEDIA_CN,NU_MEDIA_CH,NU_MEDIA_LP,NU_MEDIA_MT,NU_MEDIA_RED,NU_MEDIA_OBJ,NU_MEDIA_TOT,INSE,PC_FORMACAO_DOCENTE,NU_TAXA_PERMANENCIA,NU_TAXA_APROVACAO,NU_TAXA_REPROVACAO,NU_TAXA_ABANDONO,PORTE_ESCOLA
2010,25,PB,2504009,Campina Grande,25070703,CAIC JOSE JOFILLY,2,1,23,,11,26.7,477.99,448.17,469.15,484.16,604.55,,,,,,85.9,2.0,12.1,De 1 a 30 alunos
2014,25,PB,2504009,Campina Grande,25070703,CAIC JOSE JOFILLY,2,1,20,0.0,14,70.0,504.26,439.86,468.44,439.96,444.29,,,,72.0,78.57,75.3,2.6,22.1,De 1 a 30 alunos
2008,25,PB,2504009,Campina Grande,25071394,EEEFM MONSENHOR SALLES,2,1,66,,16,,,,,,51.5,33.04,,,,,63.5,20.1,16.4,De 61 a 90 alunos
2005,25,PB,2504009,Campina Grande,25072005,EEEFM  ADEMAR VELOSO SILVEIRA,2,1,149,,70,,,,,,,,42.99,,,,83.8,11.2,5.0,Maior que 90 alunos
2008,25,PB,2504009,Campina Grande,25072005,EEEFM ADEMAR VELOSO SILVEIRA,2,1,118,,60,,,,,,55.38,34.05,,,,,59.7,18.4,21.9,Maior que 90 alunos
2013,25,PB,2504009,Campina Grande,25072005,EEEFM ADEMAR VELOSO SILVEIRA,2,1,84,0.0,62,73.81,480.6,445.04,462.95,484.03,468.71,,,,80.6,,69.2,17.1,13.7,De 61 a 90 alunos
2009,25,PB,2504009,Campina Grande,25072005,EEEFM ADEMAR VELOSO SILVEIRA,2,1,105,,21,14.2,473.39,475.53,470.53,440.23,521.43,,,,,,52.8,22.6,24.6,Maior que 90 alunos
2010,25,PB,2504009,Campina Grande,25072005,EEEFM ADEMAR VELOSO SILVEIRA,2,1,114,,53,34.2,485.85,441.21,463.66,441.51,575.5,,,,,,58.7,10.8,30.5,Maior que 90 alunos
2011,25,PB,2504009,Campina Grande,25072005,EEEFM ADEMAR VELOSO SILVEIRA,2,1,97,,52,53.61,422.47,429.73,498.45,472.36,492.69,,,,,,60.2,16.6,23.2,Maior que 90 alunos
2012,25,PB,2504009,Campina Grande,25072005,EEEFM ADEMAR VELOSO SILVEIRA,2,1,77,,73,94.81,477.98,441.54,457.14,452.02,468.49,,,,,,67.0,16.7,16.3,De 61 a 90 alunos
2007,25,PB,2504009,Campina Grande,25072005,EEEFM ADEMAR VELOSO SILVEIRA,2,1,88,,36,,,,,,,,47.46,,,,61.8,13.3,24.9,De 61 a 90 alunos
2014,25,PB,2504009,Campina Grande,25072005,EEEFM ADEMAR VELOSO SILVEIRA,2,1,81,0.0,63,77.78,535.13,466.04,510.53,436.54,488.25,,,,69.2,58.73,69.5,16.6,13.9,De 61 a 90 alunos
2015,25,PB,2504009,Campina Grande,25072005,EEEFM ADEMAR VELOSO SILVEIRA,2,1,104,3.0,73,70.19,556.67,456.82,504.07,459.42,557.53,,,Grupo 3,69.1,61.64,63.5,10.7,25.8,Maior que 90 alunos
2012,25,PB,2504009,Campina Grande,25072013,ESCOLA ESTADUAL DE ENS FUND E MED PROF RAUL CORDULA,2,1,174,,163,93.68,500.54,450.11,471.31,460.39,486.99,,,,,,70.2,9.7,20.1,Maior que 90 alunos
2015,25,PB,2504009,Campina Grande,25072013,EEEFM PROF RAUL CORDULA,2,1,141,0.0,121,85.82,561.3,468.27,506.28,458.6,569.92,,,Grupo 3,87.7,63.64,74.8,11.9,13.3,Maior que 90 alunos
2005,25,PB,2504009,Campina Grande,25072013,EEEFM  PROF RAUL CORDULA,2,1,345,,117,,,,,,,,42.21,,,,80.6,9.5,9.9,Maior que 90 alunos
2007,25,PB,2504009,Campina Grande,25072013,ESCOLA ESTADUAL DE ENS.FUND.E MÉD.PROF.RAUL CÓRDULA,2,1,239,,77,,,,,,,,49.73,,,,68.0,14.3,17.7,Maior que 90 alunos
2008,25,PB,2504009,Campina Grande,25072013,ESCOLA ESTADUAL DE ENS.FUND.E MÉD.PROF.RAUL CÓRDULA,2,1,192,,84,,,,,,59.52,38.53,,,,,54.4,23.1,22.5,Maior que 90 alunos
2010,25,PB,2504009,Campina Grande,25072013,ESCOLA ESTADUAL DE ENS FUND E MED PROF RAUL CORDULA,2,1,181,,115,45.8,520.88,466.95,502.68,482.54,606.36,,,,,,67.6,14.7,17.7,Maior que 90 alunos
2013,25,PB,2504009,Campina Grande,25072013,ESCOLA ESTADUAL DE ENS FUND E MED PROF RAUL CORDULA,2,1,168,0.0,128,76.19,513.67,459.64,486.53,490.81,558.13,,,,88.8,,66.6,13.4,20.0,Maior que 90 alunos
2014,25,PB,2504009,Campina Grande,25072013,ESCOLA ESTADUAL DE ENS FUND E MED PROF RAUL CORDULA,2,1,195,0.0,141,72.31,547.66,474.23,508.53,456.44,512.91,,,,86.2,65.96,68.5,13.6,17.9,Maior que 90 alunos
2009,25,PB,2504009,Campina Grande,25072013,ESCOLA ESTADUAL DE ENS FUND E MED PROF RAUL CORDULA,2,1,160,,57,22.4,481.91,494.48,504.95,487.38,590.63,,,,,,68.4,11.3,20.3,Maior que 90 alunos
2011,25,PB,2504009,Campina Grande,25072013,ESCOLA ESTADUAL DE ENS FUND E MED PROF RAUL CORDULA,2,1,188,,123,65.43,448.09,436.61,513.14,485.42,540.16,,,,,,69.1,13.3,17.6,Maior que 90 alunos
2005,25,PB,2504009,Campina Grande,25072021,EEEFM SEN ARGEMIRO DE FIGUEIREDO,2,1,224,,94,,,,,,,,40.75,,,,53.2,14.5,32.3,Maior que 90 alunos
2009,25,PB,2504009,Campina Grande,25072021,EEEFM SEN ARGEMIRO DE FIGUEIREDO,2,1,107,,24,13.7,486.98,471.27,459.54,467.59,550.0,,,,,,54.1,25.1,20.8,Maior que 90 alunos
2014,25,PB,2504009,Campina Grande,25072021,EEEFM SEN ARGEMIRO DE FIGUEIREDO,2,1,71,2.0,60,84.51,556.58,474.33,518.48,461.41,580.0,,,,76.6,46.67,72.8,8.2,19.0,De 61 a 90 alunos
2010,25,PB,2504009,Campina Grande,25072021,EEEFM SEN ARGEMIRO DE FIGUEIREDO,2,1,78,,44,28.7,511.77,457.2,488.78,462.99,591.07,,,,,,63.9,13.6,22.5,De 61 a 90 alunos
2007,25,PB,2504009,Campina Grande,25072021,EEEFM SEN ARGEMIRO DE FIGUEIREDO,2,1,185,,55,,,,,,,,51.4,,,,65.9,10.3,23.8,Maior que 90 alunos
2008,25,PB,2504009,Campina Grande,25072021,EEEFM SEN ARGEMIRO DE FIGUEIREDO,2,1,153,,58,,,,,,55.58,36.04,,,,,60.8,12.6,26.6,Maior que 90 alunos
2013,25,PB,2504009,Campina Grande,25072021,EEEFM SEN ARGEMIRO DE FIGUEIREDO,2,1,84,0.0,66,78.57,522.55,473.5,488.76,493.47,521.21,,,,76.5,,52.9,26.6,20.5,De 61 a 90 alunos
2012,25,PB,2504009,Campina Grande,25072021,EEEFM SEN ARGEMIRO DE FIGUEIREDO,2,1,78,,64,82.05,487.06,424.62,465.94,451.58,492.19,,,,,,48.3,28.1,23.6,De 61 a 90 alunos
2015,25,PB,2504009,Campina Grande,25072021,EEEFM SEN ARGEMIRO DE FIGUEIREDO,2,1,101,1.0,83,82.18,545.64,460.98,495.19,448.28,556.14,,,Grupo 3,52.6,48.19,70.6,12.9,16.5,Maior que 90 alunos
2015,25,PB,2504009,Campina Grande,25072030,EEEFM NENZINHA CUNHA LIMA,2,1,59,1.0,36,61.02,538.1,464.52,488.8,437.85,553.75,,,Grupo 2,92.7,75.0,74.9,8.1,17.0,De 31 a 60 alunos
2012,25,PB,2504009,Campina Grande,25072030,EEEFM NENZINHA CUNHA LIMA,2,1,100,,77,77.0,500.25,442.7,472.24,453.04,467.79,,,,,,72.0,13.0,15.0,Maior que 90 alunos
2010,25,PB,2504009,Campina Grande,25072030,EEEFM NENZINHA CUNHA LIMA,2,1,114,,53,30.2,487.66,440.38,470.22,446.7,579.33,,,,,,90.4,5.6,4.0,Maior que 90 alunos
2009,25,PB,2504009,Campina Grande,25072030,EEEFM NENZINHA CUNHA LIMA,2,1,86,,28,20.2,490.86,471.9,476.94,471.71,583.04,,,,,,72.9,12.6,14.5,De 61 a 90 alunos
2008,25,PB,2504009,Campina Grande,25072030,EEEFM NENZINHA CUNHA LIMA,2,1,95,,42,,,,,,54.7,32.88,,,,,63.2,14.8,22.0,Maior que 90 alunos
2007,25,PB,2504009,Campina Grande,25072030,EEEFM NENZINHA CUNHA LIMA,2,1,105,,31,,,,,,,,47.21,,,,64.3,16.5,19.2,Maior que 90 alunos
2013,25,PB,2504009,Campina Grande,25072030,EEEFM NENZINHA CUNHA LIMA,2,1,72,0.0,48,66.67,476.89,429.95,457.95,460.83,475.0,,,,73.3,,69.4,10.7,19.9,De 61 a 90 alunos
2005,25,PB,2504009,Campina Grande,25072030,EEEFM NENZINHA CUNHA LIMA,2,1,134,,52,,,,,,,,40.9,,,,57.5,15.6,26.9,Maior que 90 alunos
2014,25,PB,2504009,Campina Grande,25072030,EEEFM NENZINHA CUNHA LIMA,2,1,76,0.0,44,57.89,518.33,461.86,491.55,444.51,438.18,,,,81.0,65.91,73.9,8.1,18.0,De 61 a 90 alunos
2005,25,PB,2504009,Campina Grande,25072099,EEEFM  ASSIS CHATEAUBRIAND,2,1,169,,29,,,,,,,,37.92,,,,57.6,12.6,29.8,Maior que 90 alunos
2010,25,PB,2504009,Campina Grande,25072099,ESCOLA ESTADUAL DE ENSINO FUNDAMENTAL E MEDIO ASSIS CHATEAUBRIAND,2,1,94,,20,21.3,477.16,445.62,463.44,447.64,564.71,,,,,,42.4,9.6,48.0,Maior que 90 alunos
2007,25,PB,2504009,Campina Grande,25072099,ESCOLA ESATDUAL DE ENSINO FUNDAMENTAL E MÉDIO ASSIS CHATEAUBRIAND,2,1,224,,41,,,,,,,,45.62,,,,42.0,10.1,47.9,Maior que 90 alunos
2008,25,PB,2504009,Campina Grande,25072099,ESCOLA ESATDUAL DE ENSINO FUNDAMENTAL E MÉDIO ASSIS CHATEAUBRIAND,2,1,141,,23,,,,,,56.45,36.99,,,,,46.0,9.0,45.0,Maior que 90 alunos
2009,25,PB,2504009,Campina Grande,25072099,ESCOLA ESTADUAL DE ENSINO FUNDAMENTAL E MEDIO ASSIS CHATEAUBRIAND,2,1,130,,17,13.1,459.88,453.04,448.58,478.76,557.14,,,,,,49.5,6.4,44.1,Maior que 90 alunos
2015,25,PB,2504009,Campina Grande,25072099,EEEFM ASSIS CHATEAUBRIAND,2,1,73,1.0,51,69.86,552.1,462.68,496.41,435.02,506.67,,,Grupo 2,82.0,68.63,69.1,11.6,19.3,De 61 a 90 alunos
2014,25,PB,2504009,Campina Grande,25072099,E E E F M ASSIS CHATEABRIAND,2,1,77,1.0,45,58.44,499.17,456.24,480.13,419.95,424.44,,,,80.5,40.0,76.3,8.6,15.1,De 61 a 90 alunos
2005,25,PB,2504009,Campina Grande,25072102,EEEFM  DEP ALVARO G DE QUEIROZ,2,1,157,,58,,,,,,,,44.76,,,,44.2,30.0,25.8,Maior que 90 alunos
2011,25,PB,2504009,Campina Grande,25072102,EEEFM DEP ALVARO GAUDENCIO DE QUEIROZ,2,1,64,,39,60.94,486.54,456.6,521.53,495.47,533.33,,,,,,65.2,15.4,19.4,De 61 a 90 alunos
2010,25,PB,2504009,Campina Grande,25072102,EEEFM DEP ALVARO GAUDENCIO DE QUEIROZ,2,1,74,,70,68.6,527.45,482.33,514.74,506.45,608.96,,,,,,58.0,23.7,18.3,De 61 a 90 alunos
2009,25,PB,2504009,Campina Grande,25072102,EEEFM DEP ALVARO GAUDENCIO DE QUEIROZ,2,1,90,,50,39.0,478.84,485.12,490.71,473.86,605.0,,,,,,55.2,27.4,17.4,De 61 a 90 alunos
2015,25,PB,2504009,Campina Grande,25072102,EEEFM DEP ALVARO GAUDENCIO DE QUEIROZ,2,1,98,0.0,90,91.84,556.49,474.38,503.54,467.85,565.78,,,Grupo 3,85.2,44.44,67.5,23.4,9.1,Maior que 90 alunos
2012,25,PB,2504009,Campina Grande,25072102,EEEFM DEP ALVARO GAUDENCIO DE QUEIROZ,2,1,118,,110,93.22,510.98,449.98,479.19,472.66,506.73,,,,,,56.8,20.6,22.6,Maior que 90 alunos
2007,25,PB,2504009,Campina Grande,25072102,EEEFM DEP ALVARO GAUDENCIO DE QUEIROZ,2,1,69,,33,,,,,,,,55.11,,,,46.0,34.3,19.7,De 61 a 90 alunos
2008,25,PB,2504009,Campina Grande,25072102,EEEFM DEP ALVARO GAUDENCIO DE QUEIROZ,2,1,112,,57,,,,,,60.57,39.38,,,,,49.6,27.5,22.9,Maior que 90 alunos
2014,25,PB,2504009,Campina Grande,25072102,EEEFM DEP ALVARO GAUDENCIO DE QUEIROZ,2,1,86,1.0,69,80.23,561.03,489.24,516.17,457.52,505.8,,,,74.9,44.93,61.4,23.9,14.7,De 61 a 90 alunos
2013,25,PB,2504009,Campina Grande,25072102,EEEFM DEP ALVARO GAUDENCIO DE QUEIROZ,2,1,104,0.0,82,78.85,507.44,449.45,481.97,489.27,526.83,,,,78.5,,50.7,28.9,20.4,Maior que 90 alunos
2015,25,PB,2504009,Campina Grande,25072110,EEEFM FELIX ARAUJO,2,1,156,0.0,139,89.1,549.64,464.82,487.76,448.7,525.48,,,Grupo 3,87.9,72.66,80.7,9.5,9.8,Maior que 90 alunos
2008,25,PB,2504009,Campina Grande,25072110,EEEFM FELIX ARAÚJO,2,1,206,,99,,,,,,56.61,35.55,,,,,52.8,10.4,36.8,Maior que 90 alunos
2005,25,PB,2504009,Campina Grande,25072110,EEEFM FELIX ARAÚJO,2,1,222,,70,,,,,,,,40.84,,,,66.4,16.0,17.6,Maior que 90 alunos
2010,25,PB,2504009,Campina Grande,25072110,EEEFM FELIX ARAUJO,2,1,119,,97,61.4,536.78,472.57,496.64,475.55,587.77,,,,,,73.5,12.5,14.0,Maior que 90 alunos
2013,25,PB,2504009,Campina Grande,25072110,EEEFM FELIX ARAUJO,2,1,113,0.0,89,78.76,500.12,459.35,485.68,495.29,553.93,,,,91.0,,74.6,19.3,6.1,Maior que 90 alunos
2007,25,PB,2504009,Campina Grande,25072110,EEEFM FELIX ARAÚJO,2,1,181,,64,,,,,,,,46.92,,,,59.1,12.9,28.0,Maior que 90 alunos
2011,25,PB,2504009,Campina Grande,25072110,EEEFM FELIX ARAUJO,2,1,154,,86,55.84,453.7,450.57,518.1,487.7,537.21,,,,,,67.5,17.3,15.2,Maior que 90 alunos
2009,25,PB,2504009,Campina Grande,25072110,EEEFM FELIX ARAUJO,2,1,180,,60,33.3,485.57,483.2,476.69,465.06,521.25,,,,,,52.9,15.5,31.6,Maior que 90 alunos
2014,25,PB,2504009,Campina Grande,25072110,EEEFM FELIX ARAUJO,2,1,128,0.0,109,85.16,538.48,473.86,508.82,458.17,500.37,,,,92.3,78.9,76.6,13.2,10.2,Maior que 90 alunos
2005,25,PB,2504009,Campina Grande,25072129,EEEFM  SAO SEBASTIAO,2,1,119,,24,,,,,,,,38.63,,,,64.8,8.2,27.0,Maior que 90 alunos
2010,25,PB,2504009,Campina Grande,25072129,E E E F M SAO SEBASTIAO,2,1,717,,34,5.3,491.39,447.92,484.47,443.18,560.83,,,,,,68.5,18.0,13.5,Maior que 90 alunos
2007,25,PB,2504009,Campina Grande,25072129,ESC.EST.DE ENSINO FUNDAMENTAL E MÉDIO SAO SEBASTIAO,2,1,55,,27,,,,,,,,47.39,,,,49.2,29.4,21.4,De 31 a 60 alunos
2008,25,PB,2504009,Campina Grande,25072129,E E E F M SAO SEBASTIAO,2,1,88,,30,,,,,,58.42,36.93,,,,,67.8,18.1,14.1,De 61 a 90 alunos
2009,25,PB,2504009,Campina Grande,25072129,E E E F M SAO SEBASTIAO,2,1,84,,28,20.9,440.36,449.28,448.23,445.5,513.89,,,,,,69.9,16.0,14.1,De 61 a 90 alunos
2012,25,PB,2504009,Campina Grande,25072129,E E E F M SAO SEBASTIAO,2,1,74,,47,63.51,480.48,431.69,449.46,452.87,448.09,,,,,,73.3,7.6,19.1,De 61 a 90 alunos
2015,25,PB,2504009,Campina Grande,25072129,EEEFM SAO SEBASTIAO,2,1,59,0.0,46,77.97,537.45,454.58,501.0,427.32,543.48,,,Grupo 3,96.6,73.91,86.5,3.7,9.8,De 31 a 60 alunos
2014,25,PB,2504009,Campina Grande,25072129,E E E F M SAO SEBASTIAO,2,1,69,0.0,53,76.81,528.04,474.86,500.23,426.67,486.04,,,,85.0,79.25,70.6,11.0,18.4,De 61 a 90 alunos
2013,25,PB,2504009,Campina Grande,25072129,E E E F M SAO SEBASTIAO,2,1,64,0.0,38,59.38,496.02,459.29,478.01,477.91,484.21,,,,85.2,,75.9,4.1,20.0,De 61 a 90 alunos
2010,25,PB,2504009,Campina Grande,25072137,EEEFM PROF ANESIO LEAO,2,1,68,,33,48.5,545.35,483.21,525.82,492.71,593.94,,,,,,61.5,14.9,23.6,De 61 a 90 alunos
2009,25,PB,2504009,Campina Grande,25072137,EEEFM PROF ANESIO LEAO,2,1,124,,24,19.4,472.88,480.88,489.68,448.8,543.75,,,,,,63.6,16.2,20.2,Maior que 90 alunos
2007,25,PB,2504009,Campina Grande,25072137,EEEFM PROF ANESIO LEAO,2,1,103,,29,,,,,,,,44.0,,,,66.1,14.0,19.9,Maior que 90 alunos
2013,25,PB,2504009,Campina Grande,25072137,EEEFM PROF ANESIO LEAO,2,1,94,0.0,50,53.19,501.86,452.09,488.98,483.98,558.0,,,,70.3,,56.8,16.1,27.1,Maior que 90 alunos
2014,25,PB,2504009,Campina Grande,25072137,EEEFM PROF ANESIO LEAO,2,1,69,0.0,42,60.87,529.38,467.97,509.05,452.44,437.62,,,,77.0,71.43,73.5,13.1,13.4,De 61 a 90 alunos
2005,25,PB,2504009,Campina Grande,25072137,EEEFM PROF ANESIO LEAO,2,1,177,,60,,,,,,,,40.59,,,,66.5,10.1,23.4,Maior que 90 alunos
2008,25,PB,2504009,Campina Grande,25072137,EEEFM PROF ANESIO LEAO,2,1,68,,34,,,,,,57.94,36.65,,,,,49.5,30.8,19.7,De 61 a 90 alunos
2015,25,PB,2504009,Campina Grande,25072137,EEEFM PROF ANESIO LEAO,2,2,104,0.0,56,53.85,543.29,438.88,487.5,445.67,541.07,,,Grupo 3,40.5,91.07,74.0,9.0,17.0,Maior que 90 alunos
2014,25,PB,2504009,Campina Grande,25072145,EEEFM DOM LUIZ GONZAGA FERNANDES,2,1,43,0.0,37,86.05,521.3,457.92,486.99,436.6,452.43,,,,51.7,54.05,71.7,8.1,20.2,De 31 a 60 alunos
2007,25,PB,2504009,Campina Grande,25072145,EEEEM DOM LUIZ GONZAGA FERNANDES,2,1,106,,31,,,,,,,,48.07,,,,69.7,2.9,27.4,Maior que 90 alunos
2008,25,PB,2504009,Campina Grande,25072145,EEEFM DOM LUIZ GONZAGA FERNANDES,2,1,83,,32,,,,,,58.75,34.38,,,,,73.3,4.3,22.4,De 61 a 90 alunos
2009,25,PB,2504009,Campina Grande,25072145,EEEFM DOM LUIZ GONZAGA FERNANDES,2,1,58,,11,19.0,513.46,493.68,533.19,472.51,584.09,,,,,,27.7,16.4,55.9,De 31 a 60 alunos
2010,25,PB,2504009,Campina Grande,25072145,EEEFM DOM LUIZ GONZAGA FERNANDES,2,1,63,,23,28.7,480.82,431.39,482.17,458.47,606.52,,,,,,63.1,0.8,36.1,De 61 a 90 alunos
2012,25,PB,2504009,Campina Grande,25072145,EEEFM DOM LUIZ GONZAGA FERNANDES,2,1,45,,40,88.89,479.89,435.59,459.07,441.72,463.5,,,,,,77.5,9.1,13.4,De 31 a 60 alunos
2005,25,PB,2504009,Campina Grande,25072145,EEEFM D LUIZ G FERNANDES,2,1,111,,47,,,,,,,,37.91,,,,71.5,4.7,23.8,Maior que 90 alunos
2013,25,PB,2504009,Campina Grande,25072145,EEEFM DOM LUIZ GONZAGA FERNANDES,2,1,67,0.0,48,71.64,499.96,443.32,487.19,463.89,546.25,,,,55.8,,59.9,26.7,13.4,De 61 a 90 alunos
2015,25,PB,2504009,Campina Grande,25072145,EEEFM DOM LUIZ GONZAGA FERNANDES,2,1,39,0.0,33,84.62,539.47,456.64,493.78,449.4,578.79,,,Grupo 3,69.3,81.82,64.7,21.4,13.9,De 31 a 60 alunos
2010,25,PB,2504009,Campina Grande,25072153,ESCOLA ESTADUAL DE ENSINO FUNDAMENTAL E MEDIO SEVERINO CABRAL,2,1,140,,92,65.7,504.24,457.11,489.51,463.82,571.39,,,,,,67.0,15.7,17.3,Maior que 90 alunos
2007,25,PB,2504009,Campina Grande,25072153,EEEFM SEVERINO CABRAL,2,1,199,,66,,,,,,,,49.32,,,,66.1,17.9,16.0,Maior que 90 alunos
2008,25,PB,2504009,Campina Grande,25072153,EEEFM SEVERINO CABRAL,2,1,166,,78,,,,,,57.24,37.42,,,,,68.8,11.6,19.6,Maior que 90 alunos
2005,25,PB,2504009,Campina Grande,25072153,EEEFM SEVERINO CABRAL,2,1,175,,51,,,,,,,,41.68,,,,72.6,10.2,17.2,Maior que 90 alunos
2014,25,PB,2504009,Campina Grande,25072153,ESCOLA ESTADUAL DE ENSINO FUNDAMENTAL E MEDIO SEVERINO CABRAL,2,1,104,0.0,78,75.0,533.46,477.27,503.66,467.22,492.31,,,,78.2,78.21,78.8,6.7,14.5,Maior que 90 alunos
2009,25,PB,2504009,Campina Grande,25072153,EEEFM SEVERINO CABRAL,2,1,175,,67,38.3,469.29,475.4,467.7,465.92,550.0,,,,,,64.4,15.6,20.0,Maior que 90 alunos
2012,25,PB,2504009,Campina Grande,25072153,ESCOLA ESTADUAL DE ENSINO FUNDAMENTAL E MEDIO SEVERINO CABRAL,2,1,158,,114,72.15,512.34,450.78,483.91,469.68,485.61,,,,,,72.7,7.0,20.3,Maior que 90 alunos
2013,25,PB,2504009,Campina Grande,25072153,ESCOLA ESTADUAL DE ENSINO FUNDAMENTAL E MEDIO SEVERINO CABRAL,2,1,132,0.0,94,71.21,507.62,464.85,491.64,488.28,522.55,,,,75.1,,76.8,12.1,11.1,Maior que 90 alunos
2015,25,PB,2504009,Campina Grande,25072153,EEEFM SEVERINO CABRAL,2,1,115,6.0,83,72.17,547.74,457.82,492.41,441.88,546.99,,,Grupo 3,74.4,63.86,79.0,17.0,4.0,Maior que 90 alunos
2011,25,PB,2504009,Campina Grande,25072153,ESCOLA ESTADUAL DE ENSINO FUNDAMENTAL E MEDIO SEVERINO CABRAL,2,1,126,,77,61.11,459.36,449.18,511.03,492.57,516.36,,,,,,76.8,7.3,15.9,Maior que 90 alunos
2013,25,PB,2504009,Campina Grande,25072218,ESC EST ENS FUND E MEDIO CLEMENTINO PROCOPIO,2,1,69,0.0,56,81.16,498.29,456.44,484.09,474.9,552.14,,,,72.2,,69.3,18.4,12.3,De 61 a 90 alunos
2010,25,PB,2504009,Campina Grande,25072218,ESC EST ENS FUND E MEDIO CLEMENTINO PROCOPIO,2,1,63,,22,29.4,532.42,462.51,501.45,458.9,561.9,,,,,,46.5,10.6,42.9,De 61 a 90 alunos
2015,25,PB,2504009,Campina Grande,25072218,EEEFM CLEMENTINO PROCOPIO,2,1,81,0.0,68,83.95,544.37,458.26,488.42,455.2,538.53,,,Grupo 3,80.7,69.12,75.1,14.5,10.4,De 61 a 90 alunos
2014,25,PB,2504009,Campina Grande,25072218,ESC EST ENS FUND E MEDIO CLEMENTINO PROCOPIO,2,1,56,1.0,47,83.93,531.2,471.56,500.5,446.64,514.47,,,,94.4,59.57,64.1,19.7,16.2,De 31 a 60 alunos
2013,25,PB,2504009,Campina Grande,25072277,EEEFM MONTE CARMELO CEPES CGI,2,1,43,0.0,24,55.81,474.96,434.04,453.96,466.16,520.83,,,,71.3,,78.0,12.1,9.9,De 31 a 60 alunos
2010,25,PB,2504009,Campina Grande,25072277,EEEF MONTE CARMELO CEPES CGI,2,1,44,,13,29.5,468.35,445.08,451.33,435.71,538.64,,,,,,59.8,1.0,39.2,De 31 a 60 alunos
2015,25,PB,2504009,Campina Grande,25072277,EEEF MONTE CARMELO CEPES CGI,2,1,34,0.0,18,52.94,510.26,426.91,463.84,424.35,437.78,,,Grupo 3,72.9,72.22,72.8,11.6,15.6,De 31 a 60 alunos
2014,25,PB,2504009,Campina Grande,25072277,EEEFM MONTE CARMELO CEPES CGI,2,1,27,0.0,17,62.96,529.82,446.51,472.05,424.64,451.76,,,,75.8,47.06,63.3,8.2,28.5,De 1 a 30 alunos
2011,25,PB,2504009,Campina Grande,25072307,EEEF SOLON DE LUCENA,2,1,30,,18,60.0,449.22,452.89,492.44,476.26,517.78,,,,,,66.1,17.4,16.5,De 1 a 30 alunos
2010,25,PB,2504009,Campina Grande,25072307,EEEF SOLON DE LUCENA,2,1,22,,13,27.4,529.42,470.39,512.08,477.91,609.62,,,,,,76.0,16.7,7.3,De 1 a 30 alunos
2013,25,PB,2504009,Campina Grande,25072307,EEEFM SOLON DE LUCENA,2,1,35,0.0,24,68.57,506.18,446.95,487.17,466.23,531.67,,,,75.0,,70.2,18.0,11.8,De 31 a 60 alunos
2015,25,PB,2504009,Campina Grande,25072307,EEEF SOLON DE LUCENA,2,1,67,1.0,61,91.04,566.04,470.11,507.71,451.86,579.34,,,Grupo 3,81.5,68.85,80.0,9.6,10.4,De 61 a 90 alunos
2014,25,PB,2504009,Campina Grande,25072307,EEEFM SOLON DE LUCENA,2,1,57,0.0,46,80.7,538.48,461.7,505.36,440.79,493.04,,,,78.4,56.52,72.9,20.2,6.9,De 31 a 60 alunos
2010,25,PB,2504009,Campina Grande,25072404,EEEF RUBENS DUTRA II,2,2,9,,12,100.0,521.99,483.1,441.93,438.27,558.33,,,,,,71.3,16.3,12.4,De 1 a 30 alunos
2011,25,PB,2504009,Campina Grande,25072404,EEEF RUBENS DUTRA II,2,2,18,,12,66.67,467.99,425.34,495.51,479.43,461.67,,,,,,77.8,12.2,10.0,De 1 a 30 alunos
2015,25,PB,2504009,Campina Grande,25072404,EEEFM RUBENS DUTRA II,2,2,15,0.0,10,66.67,574.37,476.01,491.31,479.25,556.0,,,Grupo 2,66.0,90.0,82.1,5.1,12.8,De 1 a 30 alunos
2009,25,PB,2504009,Campina Grande,25072404,EEEF RUBENS DUTRA II,2,2,32,,11,34.4,449.57,443.67,447.36,454.3,559.09,,,,,,71.4,19.5,9.1,De 31 a 60 alunos
2014,25,PB,2504009,Campina Grande,25072404,EEEFM RUBENS DUTRA II,2,2,16,0.0,13,81.25,507.02,435.59,483.29,453.0,440.0,,,,53.8,92.31,52.6,26.3,21.1,De 1 a 30 alunos
2012,25,PB,2504009,Campina Grande,25072404,EEEFM RUBENS DUTRA II,2,2,26,,15,57.69,449.02,419.51,434.25,450.83,396.0,,,,,,82.7,7.4,9.9,De 1 a 30 alunos
2013,25,PB,2504009,Campina Grande,25072404,EEEFM RUBENS DUTRA II,2,2,20,0.0,11,55.0,465.45,434.94,450.63,424.1,463.64,,,,60.0,,77.2,11.4,11.4,De 1 a 30 alunos
2008,25,PB,2504009,Campina Grande,25072412,EEEM ESC VIRGINIUS DA G E MELO,2,1,83,,43,,,,,,61.07,38.46,,,,,42.9,24.6,32.5,De 61 a 90 alunos
2005,25,PB,2504009,Campina Grande,25072412,EEEM ESC VIRGINIUS DA G E MELO,2,1,98,,44,,,,,,,,45.03,,,,36.0,19.1,44.9,Maior que 90 alunos
2009,25,PB,2504009,Campina Grande,25072412,EEEM ESC VIRGINIUS DA G E MELO,2,1,60,,29,48.3,492.51,478.31,498.53,459.21,631.9,,,,,,61.9,14.2,23.9,De 31 a 60 alunos
2011,25,PB,2504009,Campina Grande,25072412,EEEFM ESCRITOR VIRGINIUS DA GAMA E MELO,2,1,59,,33,55.93,450.64,436.22,512.26,483.77,537.58,,,,,,41.0,29.3,29.7,De 31 a 60 alunos
2012,25,PB,2504009,Campina Grande,25072412,EEEFM ESCRITOR VIRGINIUS DA GAMA E MELO,2,1,53,,35,66.04,514.03,443.38,479.63,467.39,501.14,,,,,,46.1,24.1,29.8,De 31 a 60 alunos
2015,25,PB,2504009,Campina Grande,25072412,EEEFM ESCRITOR VIRGINIUS DA GAMA E MELO,2,1,73,0.0,57,78.08,564.44,476.58,501.57,470.05,596.84,,,Grupo 3,73.6,66.67,73.5,10.9,15.6,De 61 a 90 alunos
2007,25,PB,2504009,Campina Grande,25072412,EEEM ESC VIRGINIUS DA G E MELO,2,1,85,,22,,,,,,,,51.77,,,,54.9,16.1,29.0,De 61 a 90 alunos
2010,25,PB,2504009,Campina Grande,25072412,EEEFM ESCRITOR VIRGINIUS DA GAMA E MELO,2,1,66,,33,50.0,502.79,458.18,499.23,452.37,587.88,,,,,,66.5,11.4,22.1,De 61 a 90 alunos
2013,25,PB,2504009,Campina Grande,25072412,EEEFM ESCRITOR VIRGINIUS DA GAMA E MELO,2,1,50,0.0,34,68.0,513.32,468.66,479.53,507.02,510.59,,,,77.9,,51.7,21.5,26.8,De 31 a 60 alunos
2014,25,PB,2504009,Campina Grande,25072412,EEEFM ESCRITOR VIRGINIUS DA GAMA E MELO,2,1,57,0.0,41,71.93,555.45,479.84,515.12,478.02,524.88,,,,77.9,46.34,63.0,21.5,15.5,De 31 a 60 alunos
2009,25,PB,2504009,Campina Grande,25072420,EEEM DR ELPIDIO DE ALMEIDA,2,1,632,,300,47.5,495.24,495.74,496.51,473.26,576.69,,,,,,61.3,15.4,23.3,Maior que 90 alunos
2013,25,PB,2504009,Campina Grande,25072420,EEEM DR ELPIDIO DE ALMEIDA,2,1,345,0.0,271,78.55,507.98,456.91,483.65,500.92,521.11,,,,84.7,,62.1,13.7,24.2,Maior que 90 alunos
2015,25,PB,2504009,Campina Grande,25072420,EEEM DR ELPIDIO DE ALMEIDA,2,1,256,0.0,218,85.16,557.7,468.96,506.2,454.15,563.21,,,Grupo 2,89.0,61.93,73.0,5.7,21.3,Maior que 90 alunos
2008,25,PB,2504009,Campina Grande,25072420,EEEM DR ELPÍDIO DE ALMEIDA,2,1,721,,359,,,,,,59.11,39.06,,,,,52.2,18.1,29.7,Maior que 90 alunos
2011,25,PB,2504009,Campina Grande,25072420,EEEM DR ELPIDIO DE ALMEIDA,2,1,560,,356,63.57,473.48,458.29,523.94,502.96,555.11,,,,,,63.2,14.9,21.9,Maior que 90 alunos
2012,25,PB,2504009,Campina Grande,25072420,EEEM DR ELPIDIO DE ALMEIDA,2,1,416,,284,68.27,507.51,458.11,479.18,477.74,512.61,,,,,,53.8,16.0,30.2,Maior que 90 alunos
2010,25,PB,2504009,Campina Grande,25072420,EEEM DR ELPIDIO DE ALMEIDA,2,1,612,,409,66.8,530.69,479.7,512.1,490.36,594.65,,,,,,56.9,14.4,28.7,Maior que 90 alunos
2014,25,PB,2504009,Campina Grande,25072420,EEEM DR ELPIDIO DE ALMEIDA,2,1,344,1.0,282,81.98,556.86,483.45,516.15,464.16,527.45,,,,82.5,64.89,62.5,13.9,23.6,Maior que 90 alunos
2005,25,PB,2504009,Campina Grande,25072439,EEEM  DR HORTENCIO S RIBEIRO,2,1,248,,84,,,,,,,,42.53,,,,65.0,10.2,24.8,Maior que 90 alunos
2015,25,PB,2504009,Campina Grande,25072439,EEEFM DR HORTENSIO DE SOUSA RIBEIRO,2,1,141,0.0,135,95.74,553.59,462.33,500.59,450.23,582.96,,,Grupo 2,72.3,72.59,80.2,17.1,2.7,Maior que 90 alunos
2007,25,PB,2504009,Campina Grande,25072439,EEEFM DR HORTENSIO DE SOUSA RIBEIRO,2,1,246,,91,,,,,,,,52.41,,,,65.8,11.9,22.3,Maior que 90 alunos
2008,25,PB,2504009,Campina Grande,25072439,EEEFM DR HORTENSIO DE SOUSA RIBEIRO,2,1,239,,119,,,,,,60.7,37.48,,,,,68.5,13.8,17.7,Maior que 90 alunos
2012,25,PB,2504009,Campina Grande,25072439,EEEFM DR HORTENSIO DE SOUSA RIBEIRO,2,1,266,,215,80.83,515.62,458.5,485.23,476.58,527.53,,,,,,82.2,11.8,6.0,Maior que 90 alunos
2010,25,PB,2504009,Campina Grande,25072439,EEEFM DR HORTENSIO DE SOUSA RIBEIRO,2,1,252,,193,76.6,529.93,476.31,515.01,489.25,629.45,,,,,,82.0,9.7,8.3,Maior que 90 alunos
2009,25,PB,2504009,Campina Grande,25072439,EEEFM DR HORTENSIO DE SOUSA RIBEIRO,2,1,194,,105,54.1,495.42,504.36,507.06,494.14,611.67,,,,,,70.5,16.9,12.6,Maior que 90 alunos
2013,25,PB,2504009,Campina Grande,25072439,EEEFM DR HORTENSIO DE SOUSA RIBEIRO,2,1,189,0.0,165,87.3,499.82,461.84,488.5,486.76,568.48,,,,74.6,,89.2,8.8,2.0,Maior que 90 alunos
2014,25,PB,2504009,Campina Grande,25072439,EEEFM DR HORTENSIO DE SOUSA RIBEIRO,2,1,164,0.0,146,89.02,551.43,496.53,517.12,467.79,550.27,,,,72.0,82.88,88.7,5.3,6.0,Maior que 90 alunos
2011,25,PB,2504009,Campina Grande,25072439,EEEFM DR HORTENSIO DE SOUSA RIBEIRO,2,1,245,,161,65.71,472.07,452.05,531.2,493.18,591.06,,,,,,83.4,9.5,7.1,Maior que 90 alunos
2005,25,PB,2504009,Campina Grande,25072692,ESC NORMAL EST PE EMIDIO VIANA CORREIA,2,1,323,,62,,,,,,,,42.26,,,,71.9,5.4,22.7,Maior que 90 alunos
2007,25,PB,2504009,Campina Grande,25072692,ESC NORMAL EST PE EMIDIO VIANA CORREIA,2,1,368,,48,,,,,,,,50.81,,,,75.5,3.0,21.5,Maior que 90 alunos
2015,25,PB,2504009,Campina Grande,25072692,ENE PE EMIDIO VIANA CORREIA,2,1,53,0.0,30,56.6,544.41,441.23,489.91,423.36,507.33,,,Grupo 1,65.5,83.33,62.2,9.4,28.4,De 31 a 60 alunos
2009,25,PB,2504009,Campina Grande,25072692,ESC NORMAL EST PE EMIDIO VIANA CORREIA,2,1,278,,18,6.5,426.97,432.38,464.67,441.81,563.89,,,,,,78.5,5.8,15.7,Maior que 90 alunos
2010,25,PB,2504009,Campina Grande,25072692,ESC NORMAL EST PE EMIDIO VIANA CORREIA,2,1,229,,21,9.2,511.39,436.88,478.99,433.34,642.86,,,,,,56.7,4.3,39.0,Maior que 90 alunos
2008,25,PB,2504009,Campina Grande,25072692,ESC NORMAL EST PE EMIDIO VIANA CORREIA,2,1,382,,27,,,,,,59.17,33.39,,,,,66.9,4.9,28.2,Maior que 90 alunos
2008,25,PB,2504009,Campina Grande,25076400,EEEFM PROF ANTONIO OLIVEIRA,2,1,122,,36,,,,,,57.57,35.76,,,,,78.0,7.3,14.7,Maior que 90 alunos
2007,25,PB,2504009,Campina Grande,25076400,EEEFM PROF ANTONIO OLIVEIRA,2,1,77,,52,,,,,,,,47.15,,,,65.9,15.3,18.8,De 61 a 90 alunos
2005,25,PB,2504009,Campina Grande,25076400,EEEFM  PROF ANTONIO OLIVEIRA,2,1,157,,44,,,,,,,,43.46,,,,66.9,7.9,25.2,Maior que 90 alunos
2009,25,PB,2504009,Campina Grande,25076400,EEEFM PROF ANTONIO OLIVEIRA,2,1,79,,27,22.6,503.75,506.59,493.42,460.03,606.48,,,,,,58.9,24.8,16.3,De 61 a 90 alunos
2010,25,PB,2504009,Campina Grande,25076400,EEEFM PROF ANTONIO OLIVEIRA,2,1,80,,41,38.9,506.41,457.21,490.15,439.36,584.87,,,,,,60.1,20.9,19.0,De 61 a 90 alunos
2012,25,PB,2504009,Campina Grande,25076400,EEEFM PROF ANTONIO OLIVEIRA,2,1,66,,61,92.42,479.73,425.45,449.87,426.23,460.33,,,,,,67.0,13.9,19.1,De 61 a 90 alunos
2011,25,PB,2504009,Campina Grande,25076400,EEEFM PROF ANTONIO OLIVEIRA,2,1,64,,36,56.25,455.2,438.98,502.73,480.26,497.22,,,,,,64.3,19.6,16.1,De 61 a 90 alunos
2013,25,PB,2504009,Campina Grande,25076400,EEEFM PROF ANTONIO OLIVEIRA,2,1,47,0.0,39,82.98,483.0,446.32,467.6,474.08,501.03,,,,67.4,,61.1,22.6,16.3,De 31 a 60 alunos
2015,25,PB,2504009,Campina Grande,25076400,EEEFM PROF ANTONIO OLIVEIRA,2,1,55,1.0,37,67.27,538.21,445.27,494.06,415.18,522.7,,,Grupo 3,79.9,81.08,71.5,13.3,15.2,De 31 a 60 alunos
2014,25,PB,2504009,Campina Grande,25076400,EEEFM PROF ANTONIO OLIVEIRA,2,1,68,0.0,52,76.47,539.23,461.17,509.28,446.16,501.15,,,,72.6,82.69,68.9,13.6,17.5,De 61 a 90 alunos
2005,25,PB,2504009,Campina Grande,25076582,EEEF  IRMA J SAMPAIO,2,1,53,,10,,,,,,,,33.69,,,,79.4,8.4,12.2,De 31 a 60 alunos
2008,25,PB,2504009,Campina Grande,25076582,EEEFM IRMA JOAQUINA SAMPAIO,2,1,50,,10,,,,,,55.5,29.52,,,,,65.7,12.4,21.9,De 31 a 60 alunos
2010,25,PB,2504009,Campina Grande,25076582,EEEFM IRMA JOAQUINA SAMPAIO,2,1,46,,11,23.9,506.73,444.02,442.88,450.7,513.64,,,,,,69.6,8.9,21.5,De 31 a 60 alunos
2007,25,PB,2504009,Campina Grande,25076582,EEEFM IRMA JOAQUINA SAMPAIO,2,1,64,,23,,,,,,,,41.1,,,,80.6,5.6,13.8,De 61 a 90 alunos
2007,25,PB,2504009,Campina Grande,25076590,EEEFM JOSE MIGUEL LEAO,2,1,93,,34,,,,,,,,48.4,,,,56.7,22.2,21.1,Maior que 90 alunos
2005,25,PB,2504009,Campina Grande,25076590,EEEFM JOSE MIGUEL LEAO,2,1,120,,13,,,,,,,,42.87,,,,63.1,7.7,29.2,Maior que 90 alunos
2014,25,PB,2504009,Campina Grande,25076590,EEEFM JOSE MIGUEL LEAO,2,1,108,0.0,64,59.26,524.51,462.66,490.63,426.98,485.94,,,,83.7,89.06,65.6,16.3,18.1,Maior que 90 alunos
2008,25,PB,2504009,Campina Grande,25076590,EEEFM JOSE MIGUEL LEAO,2,1,114,,28,,,,,,59.54,34.58,,,,,53.2,16.8,30.0,Maior que 90 alunos
2010,25,PB,2504009,Campina Grande,25076590,EEEFM JOSE MIGUEL LEAO,2,1,122,,42,25.1,516.2,453.45,493.16,446.79,569.51,,,,,,56.9,21.9,21.2,Maior que 90 alunos
2009,25,PB,2504009,Campina Grande,25076590,EEEFM JOSE MIGUEL LEAO,2,1,117,,12,7.0,475.67,510.24,518.6,477.72,493.75,,,,,,49.8,32.3,17.9,Maior que 90 alunos
2010,25,PB,2504009,Campina Grande,25114433,EEEF SENADOR HUMBERTO LUCENA,2,1,48,,19,35.2,506.37,465.39,486.19,458.31,618.42,,,,,,73.8,4.8,21.4,De 31 a 60 alunos
2015,25,PB,2504009,Campina Grande,25114808,EEEFM PROF ITAN PEREIRA,2,1,31,0.0,18,58.06,524.11,441.42,487.63,437.47,546.67,,,Grupo 3,75.0,66.67,68.3,30.4,1.3,De 31 a 60 alunos
2010,25,PB,2504009,Campina Grande,25120670,EEEFM MAJOR VENEZIANO VITAL DO REGO,2,1,67,,24,23.5,508.42,450.25,499.7,474.18,578.13,,,,,,70.9,7.7,21.4,De 61 a 90 alunos
2009,25,PB,2504009,Campina Grande,25120670,EEEFM MAJOR VENEZIANO VITAL DO REGO,2,1,67,,10,9.3,488.07,490.55,506.41,490.35,490.0,,,,,,73.9,9.6,16.5,De 61 a 90 alunos
2015,25,PB,2504009,Campina Grande,25120670,EEEFM MAJOR VENEZIANO VITAL DO REGO,2,1,82,0.0,50,60.98,536.27,454.07,483.46,430.69,509.6,,,Grupo 3,76.9,66.0,73.9,7.8,18.3,De 61 a 90 alunos
2014,25,PB,2504009,Campina Grande,25120670,EEEFM MAJOR VENEZIANO VITAL DO REGO,2,1,72,0.0,42,58.33,505.4,455.69,480.61,429.02,398.57,,,,65.1,88.1,53.8,15.7,30.5,De 61 a 90 alunos
2014,25,PB,2504009,Campina Grande,25123998,ESCOLA WALNYZA BORBOREMA CUNHA,2,2,17,0.0,11,64.71,532.15,459.35,501.58,416.16,610.91,,,,44.7,63.64,90.3,8.1,1.6,De 1 a 30 alunos
2015,25,PB,2504009,Campina Grande,25123998,ESCOLA WALNYZA BORBOREMA CUNHA,2,2,21,0.0,14,66.67,526.88,433.18,459.64,427.05,532.86,,,Grupo 3,61.5,71.43,84.5,11.9,3.6,De 1 a 30 alunos
2013,25,PB,2504009,Campina Grande,25123998,ESCOLA WALNYZA BORBOREMA CUNHA,2,2,18,0.0,11,61.11,441.15,423.84,458.48,432.19,549.09,,,,65.8,,100.0,0.0,0.0,De 1 a 30 alunos
2010,25,PB,2504009,Campina Grande,25137409,INSTITUTO FEDERAL DE EDUCACAO CIENCIA E TECNOLOGIA DA PARAIBA - IFPB CAMPUS CAMPINA GRANDE,1,1,173,,63,32.5,591.82,527.92,560.89,583.71,622.13,,,,,,77.1,21.1,1.8,Maior que 90 alunos
2011,25,PB,2504009,Campina Grande,25137409,INSTITUTO FEDERAL DE EDUCACAO CIENCIA E TECNOLOGIA DA PARAIBA - IFPB CAMPUS CAMPINA GRANDE,1,1,158,,89,56.33,537.42,525.69,577.65,605.55,605.62,,,,,,72.7,16.8,10.5,Maior que 90 alunos
2013,25,PB,2504009,Campina Grande,25137409,INSTITUTO FEDERAL DA PARAIBA - CAMPUS CAMPINA GRANDE,1,1,275,1.0,239,86.91,593.82,536.48,560.21,607.37,639.5,,,,70.8,,97.2,0.9,1.9,Maior que 90 alunos
2015,25,PB,2504009,Campina Grande,25137409,IFPB - CAMPUS CAMPINA GRANDE,1,1,149,6.0,143,95.97,618.34,526.95,552.33,537.85,658.76,,,Grupo 3,77.1,87.41,87.7,8.6,3.7,Maior que 90 alunos
2014,25,PB,2504009,Campina Grande,25151401,EEEFM ANTONIO GUEDES DE ANDRADE,2,2,34,0.0,17,50.0,544.92,442.29,501.39,435.2,549.41,,,,47.2,94.12,63.9,10.3,25.8,De 31 a 60 alunos
2015,25,PB,2504009,Campina Grande,25151401,EEEFM ANTONIO GUEDES DE ANDRADE,2,2,14,0.0,11,78.57,552.39,459.13,499.15,441.22,530.91,,,Grupo 2,90.4,72.73,75.0,18.1,6.9,De 1 a 30 alunos
2010,25,PB,2504009,Campina Grande,25152815,EEEFM ISABEL RODRIGUES DE MELO,2,2,50,,12,24.0,507.82,448.4,484.07,407.97,545.0,,,,,,58.5,12.3,29.2,De 31 a 60 alunos
2013,25,PB,2504009,Campina Grande,25152815,EEEFM ISABEL RODRIGUES DE MELO,2,2,45,0.0,24,53.33,480.54,432.71,458.0,464.88,500.83,,,,84.6,,71.5,15.0,13.5,De 31 a 60 alunos
2015,25,PB,2504009,Campina Grande,25152815,EEEFM ISABEL RODRIGUES DE MELO,2,2,69,0.0,36,52.17,542.69,443.82,485.42,434.91,532.78,,,Grupo 1,67.9,88.89,83.2,5.6,11.2,De 61 a 90 alunos
